"mol%TiO2","mol%HfO2","Ms (K)","T0 (K)"
0,0,1314.4,1470.3
0,1,1323.4822778237935,1480.7759400393888
0,2,1332.0236146814495,1489.2919115931372
0,3,1340.5240105729677,1497.7479146612445
0,4,1348.9834654983486,1506.1439492437014
0,5,1357.4019794575922,1514.4800153405176
0,6,1365.7795524506976,1522.7561129516919
0,7,1374.1161844776661,1530.9722420772168
0,8,1382.4118755384977,1539.1284027171002
0,9,1390.6666256331903,1547.2245948713428
0,10,1398.880434761747,1555.260818539935
0,11,1407.0533029241653,1563.2370737228864
0,12,1415.185230120455,1571.1533604201873
0,13,1423.2762163505995,1579.0096786318559
0,14,1431.3262616146055,1586.8060283578657
0,15,1439.3353659124737,1594.542409598244
0,16,1447.3035292442132,1602.2188223529708
0,17,1455.2307516098078,1609.8352666220576
0,18,1463.1170330092648,1617.391742405493
0,19,1470.962373442592,1624.8882497032896
0,20,1478.766772909774,1632.3247885154442
0,21,1486.530231410826,1639.7013588419468
0,22,1494.2527489457332,1647.01796068281
0,23,1501.9343255145109,1654.2745940380316
0,24,1509.5749611171425,1661.471258907602
0,25,1517.174655753645,1668.6079552915353
0,26,1524.733409424002,1675.6846831898142
0,27,1532.2512221282293,1682.7014426024632
0,28,1539.7280938663189,1689.6582335294609
0,29,1547.1640246382635,1696.5550559708079
0,30,1554.559014444078,1703.3919099265167
0,31,1561.9130632837578,1710.1687953965823
0,32,1569.2261711572971,1716.8857123809973
0,33,1576.4983380646927,1723.5426608797713
0,34,1583.7295640059563,1730.1396408929043
0,35,1590.9198489810863,1736.6766524203965
0,36,1598.0691929900752,1743.153695462238
0,37,1605.177596032931,1749.5707700184328
0,38,1612.2450581096446,1755.9278760889888
0,39,1619.2715792202212,1762.2250136739012
0,40,1626.2571593646642,1768.46218277316
0,41,1633.2017985429652,1774.6393833867817
0,42,1640.1054967551333,1780.7566155147588
0,43,1646.9682540011634,1786.8138791570946
0,44,1653.7900702810525,1792.81117431378
0,45,1660.5709455948079,1798.7485009848247
0,46,1667.3108799424213,1804.6258591702226
0,47,1674.0098733239076,1810.443248869976
0,48,1680.6679257392502,1816.2006700840877
0,49,1687.2850371884565,1821.8981228125594
0,50,1693.8612076715199,1827.53560705538
0,51,1700.3964371884558,1833.1131228125548
0,52,1706.8907257392493,1838.630670084089
0,53,1713.3440733239051,1844.0882488699765
0,54,1719.7564799424283,1849.48585917022
0,55,1726.1279455948093,1854.8235009848263
0,56,1732.4584702810575,1860.1011743137824
0,57,1738.7480540011634,1865.318879157093
0,58,1744.9966967551366,1870.4766155147618
0,59,1751.2043985429682,1875.5743833867812
0,60,1757.371159364666,1880.612182773164
0,61,1763.4969792202223,1885.590013673896
0,62,1769.5818581096453,1890.5078760889871
0,63,1775.6257960329303,1895.3657700184338
0,64,1781.6287929900745,1900.1636954622372
0,65,1787.5908489810843,1904.9016524203923
0,66,1793.5119640059636,1909.5796408929107
0,67,1799.3921380646984,1914.197660879778
0,68,1805.2313711572926,1918.755712381001
0,69,1811.0296632837528,1923.2537953965805
0,70,1816.7870144440817,1927.6919099265147
0,71,1822.5034246382668,1932.0700559708066
0,72,1828.1788938663137,1936.3882335294595
0,73,1833.8134221282307,1940.6464426024618
0,74,1839.4070094240035,1944.8446831898218
0,75,1844.9596557536452,1948.9829552915326
0,76,1850.4713611171421,1953.061258907603
0,77,1855.942125514509,1957.0795940380324
0,78,1861.3719489457308,1961.0379606828108
0,79,1866.7608314108231,1964.9363588419487
0,80,1872.1087729097778,1968.7747885154438
0,81,1877.4157734425874,1972.5532497032905
0,82,1882.6818330092672,1976.2717424054963
0,83,1887.9069516098114,1979.9302666220526
0,84,1893.0911292442077,1983.5288223529744
0,85,1898.2343659124754,1987.0674095982376
0,86,1903.3366616146059,1990.5460283578705
0,87,1908.3980163505994,1993.964678631852
0,88,1913.418430120455,1997.3233604201916
0,89,1918.3979029241646,2000.6220737228825
0,90,1923.336434761745,2003.8608185399312
0,91,1928.2340256331881,2007.03959487134
0,92,1933.0906755384938,2010.1584027171064
0,93,1937.906384477662,2013.2172420772235
0,94,1942.6811524506927,2016.21611295169
0,95,1947.4149794575865,2019.155015340525
0,96,1952.1078654983423,2022.0339492437097
0,97,1956.7598105729699,2024.8529146612434
0,98,1961.3708146814506,2027.611911593146
0,99,1965.9408778237942,2030.3109400393887
0,100,1970.47,2032.95
1,0,1211.3005901155643,1360.0650356528154
1,1,1267.391433969679,1420.420487846102
1,2,1291.782606492821,1446.2162862796963
1,3,1308.2181554586168,1463.3271949091372
1,4,1321.4468904217917,1476.9281665255244
1,5,1333.0517479005875,1488.744185392567
1,6,1343.7111292599643,1499.5145304804237
1,7,1353.7642351824036,1509.6088412741667
1,8,1363.399510491505,1519.2324730432906
1,9,1372.730022081428,1528.5086389494902
1,10,1381.8277216120941,1537.5157473683787
1,11,1390.7405768567817,1546.3060705503806
1,12,1399.501796273925,1554.9157969765436
1,13,1408.1351001909538,1563.3707755619243
1,14,1416.6578835146693,1571.6899621775292
1,15,1425.0831924251668,1579.8875737266546
1,16,1433.421003413116,1587.974481958844
1,17,1441.6790759712387,1595.9591426793218
1,18,1449.8635360148594,1603.8482315237732
1,19,1457.9792842762408,1611.647089000766
1,20,1466.0302880148115,1619.3600383791286
1,21,1474.0197931701325,1626.9906168788045
1,22,1481.9504811705085,1634.541746551071
1,23,1489.8245865395547,1642.0158624386477
1,24,1497.6439862770794,1649.4150099774106
1,25,1505.410268613719,1656.7409199208153
1,26,1513.1247864866523,1663.9950666143695
1,27,1520.7886995563483,1671.1787137828328
1,28,1528.403007530086,1678.2929508440593
1,29,1535.96857682084,1685.338721960208
1,30,1543.486162046384,1692.3168494660747
1,31,1550.9564234972518,1699.2280529045895
1,32,1558.3799414287598,1706.0729646013554
1,33,1565.7572278308946,1712.852142490743
1,34,1573.0887361805164,1719.5660807431873
1,35,1580.3748695681552,1726.215218621297
1,36,1587.6159875069804,1732.7999478998213
1,37,1594.8124116666843,1739.3206191140741
1,38,1601.964430725181,1745.7775468470356
1,39,1609.0723044926049,1752.1710142233744
1,40,1616.1362674317593,1758.5012767458347
1,41,1623.1565316756462,1764.768565583592
1,42,1630.1332896239808,1770.9730904016906
1,43,1637.0667161855818,1777.1150418047248
1,44,1643.9569707218195,1783.1945934546475
1,45,1650.8041987365634,1789.2119039123897
1,46,1657.6085333503606,1795.1671182443204
1,47,1664.3700965904004,1801.0603694279519
1,48,1671.0890005224405,1806.8917795854904
1,49,1677.7653482469989,1812.6614610693648
1,50,1684.399234778266,1818.3695174200357
1,51,1690.9907478216696,1824.0160442133292
1,52,1697.5399684633308,1829.6011298118008
1,53,1704.0469717830101,1835.124856032622
1,54,1710.5118274001218,1840.5872987426308
1,55,1716.9345999612515,1845.988528389612
1,56,1723.3153495763997,1851.328610477625
1,57,1729.6541322100327,1856.6076059932263
1,58,1735.951000032432,1861.8255717882882
1,59,1742.206001735845,1866.9825609245486
1,60,1748.419182819599,1872.078622984306
1,61,1754.5905858475667,1877.1138043509752
1,62,1760.7202506811677,1882.088148463016
1,63,1766.8082146904717,1887.0016960439712
1,64,1772.8545129458514,1891.8544853113233
1,65,1778.859178392213,1896.6465521663383
1,66,1784.8222420075995,1901.3779303669392
1,67,1790.7437329477993,1906.0486516852638
1,68,1796.6236786784273,1910.658746051607
1,69,1802.462105095636,1915.208241685955
1,70,1808.259036636638,1919.6971652184345
1,71,1814.0144963810071,1924.1255417997231
1,72,1819.7285061437008,1928.493395202382
1,73,1825.4010865604923,1932.800747913953
1,74,1831.0322571665577,1937.0476212226615
1,75,1836.6220364689334,1941.2340352962858
1,76,1842.1704420132257,1945.3600092549434
1,77,1847.6774904452916,1949.4255612382217
1,78,1853.1431975681337,1953.4307084672412
1,79,1858.5675783946326,1957.3754673020846
1,80,1863.9506471962688,1961.259853294917
1,81,1869.2924175483556,1965.0838812392603
1,82,1874.592902371994,1968.847565215705
1,83,1879.852113972975,1972.5509186343231
1,84,1885.0700640779885,1976.193954274149
1,85,1890.2467638683254,1979.7766843198024
1,86,1895.3822240111688,1983.2991203957433
1,87,1900.4764546888377,1986.7612735979992
1,88,1905.529465626018,1990.1631545239288
1,89,1910.5412661151802,1993.504773299882
1,90,1915.5118650403585,1996.7861396071057
1,91,1920.441270899301,2000.0072627059208
1,92,1925.3294918242689,2003.1681514583506
1,93,1930.1765356014694,2006.268814349304
1,94,1934.9824096892703,2009.3092595064388
1,95,1939.7471212352739,2012.289494718778
1,96,1944.4706770923344,2015.2095274541127
1,97,1949.1530838336084,2018.069364875443
1,98,1953.794347766644,2020.8690138563752
1,99,1958.3944749467119,2023.6084809955228
1,100,1962.9534711892632,2026.2877726302258
2,0,1205.6011802311286,1353.1300713056307
2,1,1244.8948794286835,1395.6786942168833
2,2,1268.812397456289,1421.210991449384
2,3,1286.554878436232,1439.9007773189992
2,4,1301.1893704092752,1455.1393232643445
2,5,1314.0303225357454,1468.3800313305499
2,6,1325.7349593958054,1480.3496025401766
2,7,1336.6684057562134,1491.451759683531
2,8,1347.049736477024,1501.9287364348065
2,9,1357.0183628328157,1511.9346814957587
2,10,1366.6672256733104,1521.572360667551
2,11,1376.0606686636984,1530.9129195048474
2,12,1385.244651564837,1540.0071762609648
2,13,1394.2528782013367,1548.8923976550257
2,14,1403.1106264416708,1557.5965337263365
2,15,1411.8372264205507,1566.1409580344068
2,16,1420.4477126872039,1574.542294458822
2,17,1428.9539546225783,1582.8136671150653
2,18,1437.3654477314512,1590.965575295507
2,19,1445.689878851024,1599.006518427322
2,20,1453.9335372117152,1606.9434505872794
2,21,1462.1016182647654,1614.7821164474844
2,22,1470.1984515528495,1622.5273032347116
2,23,1478.2276738918404,1630.1830322194396
2,24,1486.1923625874495,1637.7527060151428
2,25,1494.0951390482735,1645.239223144431
2,26,1501.9382501959396,1652.6450680552293
2,27,1509.7236330318776,1659.9723825130263
2,28,1517.4529662906396,1667.2230227145387
2,29,1525.1277120958678,1674.398605347248
2,30,1532.7491498057686,1681.5005450127114
2,31,1540.3184037048106,1688.5300848456154
2,32,1547.836465808699,1695.488321729505
2,33,1555.3042147599174,1702.3762271898204
2,34,1562.7224315740214,1709.1946648047222
2,35,1570.0918128324402,1715.9444047925715
2,36,1577.412981792236,1722.6261362961006
2,37,1584.6864977866846,1729.2404777767504
2,38,1591.912864215719,1735.787985849821
2,39,1599.0925353670948,1742.269162826669
2,40,1606.2259222630669,1748.6844631794681
2,41,1613.3133976912518,1755.0342991039374
2,42,1620.3553005494969,1761.3190453234351
2,43,1627.351939611384,1767.5390432525853
2,44,1634.3035968006209,1773.6946046177734
2,45,1641.210530047417,1779.7860146154974
2,46,1648.072975787784,1785.8135346758647
2,47,1654.8911511568551,1791.7774048877577
2,48,1661.6652559189254,1797.6778461329498
2,49,1668.395474170522,1803.5150619691506
2,50,1675.0819758468895,1809.2892402957743
2,51,1681.7249180579904,1815.0005548311615
2,52,1688.3244462759853,1820.6491664256275
2,53,1694.8806953932587,1826.2352242312732
2,54,1701.3937906670246,1831.7588667464847
2,55,1707.8638485645047,1837.2202227504688
2,56,1714.2909775207152,1842.6194121410877
2,57,1720.6752786191284,1847.9565466875522
2,58,1727.0168462043362,1853.2317307077908
2,59,1733.3157684343832,1858.4450616792028
2,60,1739.5721277797131,1863.5966307903404
2,61,1745.7860014745365,1868.6865234399827
2,62,1751.9574619259415,1873.7148196895073
2,63,1758.0865770851826,1878.6815946734248
2,64,1764.173410785258,1883.5869189726432
2,65,1770.2180230482497,1888.43085895428
2,66,1776.2204703655273,1893.21347708152
2,67,1782.1808059535804,1897.9348321964694
2,68,1788.0990799879735,1902.5949797788476
2,69,1793.9753398174817,1907.1939721827507
2,70,1799.8096301603885,1911.7318588537123
2,71,1805.6019932846466,1916.2086865279248
2,72,1811.352469173471,1920.6244994153021
2,73,1817.0610956776416,1924.9793393678797
2,74,1822.7279086557696,1929.2732460349744
2,75,1828.3529421037094,1933.5062570061843
2,76,1833.936228273911,1937.6784079434497
2,77,1839.4777977858155,1941.7897327030346
2,78,1844.9776797278657,1945.8402634483814
2,79,1850.435901752065,1949.8300307546322
2,80,1855.852490161518,1953.7590637054482
2,81,1861.2274699917089,1957.627389982865
2,82,1866.5608650859779,1961.4350359507373
2,83,1871.8526981656069,1965.1820267322541
2,84,1877.1029908950663,1968.868386282106
2,85,1882.3117639427892,1972.49413745358
2,86,1887.4790370377086,1976.0593020612287
2,87,1892.604829022072,1979.5639009391277
2,88,1897.6891579006922,1983.0079539954236
2,89,1902.732040886955,1986.3914802631627
2,90,1907.7334944458619,1989.714497947881
2,91,1912.693534334219,1992.9770244720771
2,92,1917.612175638337,1996.179076516862
2,93,1922.4894328093137,1999.3206700609792
2,94,1927.3253196961182,2002.4018204173972
2,95,1932.1198495766287,2005.4225422676407
2,96,1936.8730351867664,2008.3828496939527
2,97,1941.5848887478824,2011.282756209615
2,98,1946.2554219924443,2014.1222747873958
2,99,1950.8846461882958,2016.9014178862446
2,100,1955.4725721613945,2019.6201974765809
3,0,1200.358729650448,1346.7975937923502
3,1,1231.1396166937843,1380.2921803541099
3,2,1253.0246836628485,1403.7953209126651
3,3,1270.4413701117078,1422.2727542267971
3,4,1285.2871501349625,1437.852654050265
3,5,1298.510760779913,1451.599107259955
3,6,1310.6392781839477,1464.103273231911
3,7,1321.9889480295008,1475.719847591757
3,8,1332.7610175690295,1486.674545737623
3,9,1343.0896516375046,1497.1178446015947
3,10,1353.0677335822165,1507.1539205212616
3,11,1362.761608651226,1516.8571851663428
3,12,1372.2199300264538,1526.28220709462
3,13,1381.479187594321,1535.4699127244485
3,14,1390.5672853856365,1544.451598728657
3,15,1399.5059265354694,1553.251606963928
3,16,1408.3122450978292,1561.8891546855043
3,17,1416.999948315904,1570.3796156976014
3,18,1425.5801325294337,1578.7354354607585
3,19,1434.0618765618453,1586.9667966245252
3,20,1442.4526803107315,1595.0821109428668
3,21,1450.7587936907787,1603.0883882107473
3,22,1458.985466630299,1610.991516655955
3,23,1467.13714137635,1618.7964786250686
3,24,1475.2176020652876,1626.5075183392407
3,25,1483.2300922425882,1634.1282737023366
3,26,1491.177408068117,1641.6618808383523
3,27,1499.0619728804513,1649.111057721452
3,28,1506.885897329299,1656.478171619418
3,29,1514.6510282331558,1663.7652938915774
3,30,1522.358988553748,1670.9742448234108
3,31,1530.011210316113,1678.10663054915
3,32,1537.6089618852816,1685.1638736448276
3,33,1545.1533706968387,1692.1472386224862
3,34,1552.6454423014557,1699.0578532901566
3,35,1560.0860764023516,1705.896726739235
3,36,1567.4760804254886,1712.6647645645544
3,37,1574.816181054245,1719.3627818014766
3,38,1582.107034076045,1725.9915139697227
3,39,1589.3492328223801,1732.551626539505
3,40,1596.543315431114,1739.0437230768246
3,41,1603.6897711184754,1745.4683522780704
3,42,1610.7890456148211,1751.8260140665986
3,43,1617.841545891334,1758.1171648941768
3,44,1624.8476442833542,1764.3422223656037
3,45,1631.807682098285,1770.501569285295
3,46,1638.721972781688,1776.5955572083121
3,47,1645.5908047035,1782.6245095653187
3,48,1652.4144436163795,1788.588724419868
3,49,1659.1931348304945,1794.4884769075477
3,50,1665.927105142025,1800.324021398982
3,51,1672.6165645474553,1806.0955934225433
3,52,1679.2617077707691,1811.8034113772667
3,53,1685.8627156271127,1817.4476780622467
3,54,1692.4197562428503,1823.028582045069
3,55,1698.9329861494114,1828.546298888664
3,56,1705.4025512659418,1834.0009922533707
3,57,1711.8285877836277,1839.392814888856
3,58,1718.2112229631025,1844.7219095284138
3,59,1724.5505758546203,1849.9884096967282
3,60,1730.846757949703,1855.1924404407443
3,61,1737.099873771639,1860.3341189919486
3,62,1743.3100214115284,1865.413555367604
3,63,1749.4772930155448,1870.4308529172483
3,64,1755.6017752285986,1875.386108820302
3,65,1761.6835495988503,1880.2794145397434
3,66,1767.722692947028,1885.1108562363647
3,67,1773.7192777040875,1889.8805151474594
3,68,1779.6733722203837,1894.5884679335934
3,69,1785.5850410490316,1899.234786996404
3,70,1791.454345205987,1903.819540770316
3,71,1797.281342409031,1908.342793990599
3,72,1803.0660872976794,1912.8046079399753
3,73,1808.8086316356869,1917.2050406757467
3,74,1814.5090244977612,1921.5441472392708
3,75,1820.1673124419835,1925.821979849256
3,76,1825.78353966904,1930.0385880804413
3,77,1831.3577481696066,1934.1940190288192
3,78,1836.8899778607204,1938.2883174646454
3,79,1842.380266712273,1942.3215259742806
3,80,1847.82865086426,1946.2936850917174
3,81,1853.2351647357252,1950.2048334207566
3,82,1858.5998411260148,1954.0550077485616
3,83,1863.9227113089034,1957.8442431512487
3,84,1869.203805120285,1961.5725730922634
3,85,1874.4431510399065,1965.2400295139462
3,86,1879.6407762674994,1968.8466429230775
3,87,1884.7967067939278,1972.3924424705351
3,88,1889.9109674675979,1975.8774560258673
3,89,1894.9835820565434,1979.3017102468868
3,90,1900.014573306542,1982.665230644848
3,91,1905.003962995441,1985.9680416454144
3,92,1909.9517719841344,1989.2101666457982
3,93,1914.8580202643116,1992.3916280683209
3,94,1919.7227270032624,1995.5124474106794
3,95,1924.5459105859393,1998.572645293132
3,96,1929.327588654467,2001.5722415027594
3,97,1934.0677781452944,2004.5112550351766
3,98,1938.7664953240944,2007.3897041337166
3,99,1943.4237558186958,2010.2076063262402
3,100,1948.039574650013,2012.964978459971
4,0,1195.1162790697674,1340.4651162790697
4,1,1220.7894788205726,1368.5272810311335
4,2,1240.7520576069946,1390.0740480504255
4,3,1257.4338782854247,1407.8720298714304
4,4,1272.049872284058,1423.3045327613854
4,5,1285.2750015074475,1437.1400602020963
4,6,1297.5142430983256,1449.8397142826432
4,7,1309.0253097838847,1461.6969236051634
4,8,1319.980010048921,1472.9073072377564
4,9,1330.4972882290604,1483.606293766028
4,10,1340.6621045640386,1493.8906178939733
4,11,1350.536763229659,1503.8312184045353
4,12,1360.167992357783,1513.481299384908
4,13,1369.5915252256978,1522.8815463135531
4,14,1378.8351543824192,1532.0636034514666
4,15,1387.9208213140091,1541.0524531099966
4,16,1396.8660792093242,1549.8680811381907
4,17,1405.685137792657,1558.5266665567265
4,18,1414.3896232020834,1567.0414467461435
4,19,1422.9891396386224,1575.4233569338603
4,20,1431.4916906031062,1583.6815098093816
4,21,1439.903999036257,1591.8235600318865
4,22,1448.2317535802001,1599.8559846206963
4,23,1456.4798001152894,1607.7843010367042
4,24,1464.6522922532317,1615.6132385320975
4,25,1472.7528106937998,1623.3468740484366
4,26,1480.784458710104,1630.988740935048
4,27,1488.7499391529439,1638.5419166252511
4,28,1496.65161701675,1646.0090938731619
4,29,1504.491570629961,1653.3926390384759
4,30,1512.271633811806,1660.694640085641
4,31,1519.9934308021589,1667.9169463545807
4,32,1527.6584053697936,1675.0612017030053
4,33,1535.2678452003763,1682.1288722742902
4,34,1542.8229024337259,1689.1212698809213
4,35,1550.3246110414639,1696.0395717905167
4,36,1557.7739015980446,1702.884837543921
4,37,1565.1716138901834,1709.6580233121533
4,38,1572.5185077248946,1716.3599942023297
4,39,1579.8152722294813,1722.9915348464751
4,40,1587.06253388331,1729.5533585464245
4,41,1594.2608634786811,1736.0461151994293
4,42,1601.4107821737973,1742.4703981899163
4,43,1608.5127667729594,1748.826750401518
4,44,1615.5672543467786,1755.1156694775539
4,45,1622.574646286641,1761.3376124374158
4,46,1629.535311872609,1767.4929997389304
4,47,1636.449591421622,1773.582218862846
4,48,1643.317799072367,1779.605627483702
4,49,1650.1402252549706,1785.56355628173
4,50,1656.9171388862048,1791.4563114423197
4,51,1663.6487893252784,1797.2841768828466
4,52,1670.3354081200005,1803.047416240873
4,53,1676.9772105692289,1808.7462746530707
4,54,1683.5743971236243,1814.3809803501406
4,55,1690.127154643959,1819.9517460895208
4,56,1696.6356575336383,1825.4587704448015
4,57,1703.1000687597605,1830.9022389683703
4,58,1709.5205407754352,1836.2823252414912
4,59,1715.8972163541935,1841.5991918243867
4,60,1722.2302293462349,1846.8529911172832
4,61,1728.5197053648099,1852.0438661419066
4,62,1734.7657624102587,1857.1719512520224
4,63,1740.9685114381148,1862.2373727802628
4,64,1747.1280568771153,1867.2402496279333
4,65,1753.2444971021673,1872.180693803504
4,66,1759.3179248667523,1877.0588109149767
4,67,1765.3484276987867,1881.874700620583
4,68,1771.3360882635411,1886.6284570420048
4,69,1777.280984696685,1891.320169143566
4,70,1783.1831909103353,1895.949921080707
4,71,1789.0427768746135,1900.5177925205805
4,72,1794.859808877022,1905.0238589373337
4,73,1800.6343497615578,1909.4681918843637
4,74,1806.3664591494273,1913.8508592456806
4,75,1812.056193643069,1918.1719254681166
4,76,1817.7036070147738,1922.4314517761763
4,77,1823.3087503814352,1926.6294963709229
4,78,1828.8716723664159,1930.7661146143357
4,79,1834.3924192498087,1934.8413592003644
4,80,1839.8710351078726,1938.8552803137113
4,81,1845.3075619426902,1942.8079257774448
4,82,1850.702039802779,1946.6993411903136
4,83,1856.0545068953268,1950.529570054559
4,84,1861.3649996908243,1954.29865389507
4,85,1866.6335530206684,1958.00663237041
4,86,1871.8602001681688,1961.6535433765905
4,87,1877.0449729536401,1965.2394231438177
4,88,1882.1879018139034,1968.7643063270993
4,89,1887.2890158766638,1972.2282260908908
4,90,1892.3483430301715,1975.631214188405
4,91,1897.3659099884126,1978.9733010358755
4,92,1902.341742352297,1982.254515782188
4,93,1907.2758646670272,1985.4748863742066
4,94,1912.168300475961,1988.6344396181137
4,95,1917.0190723712103,1991.7332012370323
4,96,1921.8282020411996,1994.7711959251242
4,97,1926.5957103154174,1997.748447398583
4,98,1931.3216172064829,2000.6649784435745
4,99,1936.0059419498514,2003.5208109613177
4,100,1940.6487030411452,2006.3159660107335
5,0,1190.288237550662,1334.681518216035
5,1,1212.4872442628505,1359.0305885199273
5,2,1230.7840595880298,1378.8559163237785
5,3,1246.6266524340265,1395.8314168829886
5,4,1260.8194499718559,1410.8870431172202
5,5,1273.845108504127,1424.5807667782765
5,6,1286.0107729506815,1437.2676607991207
5,7,1297.5212065914143,1449.1844404683911
5,8,1308.5181686200992,1460.494985601306
5,9,1319.1029156037157,1471.316353208733
5,10,1329.349702358052,1481.734385098635
5,11,1339.3142199949455,1491.8134626269953
5,12,1349.0390558352217,1501.6028185954367
5,13,1358.5573333506165,1511.1407451830166
5,14,1367.8952026504098,1520.4574730573838
5,15,1377.0735838220207,1529.577186752692
5,16,1386.10941217432,1538.5194642251288
5,17,1395.0165438690929,1547.300323802507
5,18,1403.806425300873,1555.9329980164805
5,19,1412.488595131773,1564.4285139767783
5,20,1421.0710658379517,1572.7961344555624
5,21,1429.5606172069486,1581.043697183118
5,22,1437.9630246133127,1589.1778787445182
5,23,1446.283238378109,1597.2044019269608
5,24,1454.5255260194735,1605.1282001676768
5,25,1462.6935860531478,1612.9535491122851
5,26,1470.7906397670115,1620.6841727101723
5,27,1478.8195057879843,1628.3233294170839
5,28,1486.7826610912193,1635.8738827243965
5,29,1494.682291243028,1643.3383592421646
5,30,1502.5203320307328,1650.7189968250195
5,31,1510.298504154161,1658.0177846770619
5,32,1518.0183422915356,1665.2364969532998
5,33,1525.6812195760044,1672.3767210555955
5,34,1533.2883683065595,1679.4398815753568
5,35,1540.8408975522834,1686.4272606448515
5,36,1548.339808180391,1693.340015310262
5,37,1555.7860057374228,1700.1791924229087
5,38,1563.1803115330188,1706.945741452599
5,39,1570.5234722123168,1713.6405255536895
5,40,1577.8161680519972,1720.2643311557017
5,41,1585.0590201742366,1726.8178763030046
5,42,1592.2525968397642,1733.3018179297883
5,43,1599.3974189542362,1739.7167582257343
5,44,1606.4939649004002,1746.063250222173
5,45,1613.5426747903932,1752.3418027079458
5,46,1620.5439542177392,1758.552884566871
5,47,1627.4981775764802,1764.6969286147896
5,48,1634.4056910044778,1770.774335002196
5,49,1641.266814999772,1776.7854742388072
5,50,1648.0818467514418,1782.7306898881668
5,51,1654.8510622207955,1788.6103009735798
5,52,1661.5747180034082,1794.4246041307508
5,53,1668.2530529986257,1800.1738755377403
5,54,1674.886289909228,1805.858372648679
5,55,1681.4746365911305,1811.478335754094
5,56,1688.0182872703697,1817.0339893877376
5,57,1694.5174236422522,1822.5255435973304
5,58,1700.9722158658924,1827.9531950942278
5,59,1707.3828234654443,1833.3171282953167
5,60,1713.7493961482044,1838.6175162687698
5,61,1720.072074548286,1843.854521593755
5,62,1726.350990903751,1849.0282971432443
5,63,1732.58626967394,1854.1389867976693
5,64,1738.7780281031608,1859.1867260965705
5,65,1744.9263767360542,1864.1716428343668
5,66,1751.0314198893932,1869.0938576058068
5,67,1757.093256084557,1873.9534843059068
5,68,1763.1119784445098,1878.7506305888799
5,69,1769.0876750585442,1883.4853982897869
5,70,1775.020429317854,1888.157883812483
5,71,1780.9103202246083,1892.7681784869399
5,72,1786.757422676986,1897.3163688987179
5,73,1792.5618077322329,1901.8025371930755
5,74,1798.3235428497412,1906.2267613560377
5,75,1804.0426921159587,1910.589115474314
5,76,1809.7193164525447,1914.8896699760246
5,77,1815.3534738093963,1919.1284918537642
5,78,1820.9452193436184,1923.3056448715595
5,79,1826.4946055858134,1927.4211897570729
5,80,1832.0016825945356,1931.4751843801844
5,81,1837.4664981000337,1935.4676839191477
5,82,1842.889097638083,1939.3987410152972
5,83,1848.2695246746325,1943.2684059171652
5,84,1853.6078207220985,1947.0767266149442
5,85,1858.9040254479305,1950.8237489658932
5,86,1864.1581767759278,1954.509516811616
5,87,1869.3703109810376,1958.134072087514
5,88,1874.5404627779933,1961.6974549253448
5,89,1879.6686654042974,1965.1997037491142
5,90,1884.7549506980038,1968.6408553649892
5,91,1889.7993491705565,1972.0209450455425
5,92,1894.8018900752033,1975.3400066088036
5,93,1899.7626014711823,1978.5980724924686
5,94,1904.6815102840246,1981.795173823627
5,95,1909.5586423622403,1984.9313404843008
5,96,1914.3940225306355,1988.0066011730328
5,97,1919.1876746405037,1991.0209834629488
5,98,1923.9396216168493,1993.974513856393
5,99,1928.6498855029706,1996.867217836343
5,100,1933.3184875024126,1999.6991199150496
6,0,1185.4601960315563,1328.8979201530003
6,1,1205.17763628759,1350.5947801367702
6,2,1222.1010506940297,1368.9964180130346
6,3,1237.1481342120267,1385.1812516557484
6,4,1250.8695038182732,1399.7963317892809
6,5,1263.6155521343,1413.2534179655083
6,6,1275.619874241127,1425.8270165523463
6,7,1287.044189810231,1437.7071704198866
6,8,1298.0040128926655,1449.029624475343
6,9,1308.5840537925367,1459.893924984006
6,10,1318.8478452379254,1470.3747316448344
6,11,1328.8439710797152,1480.5291371688088
6,12,1338.6102187574888,1490.4015469977917
6,13,1348.1764204603753,1500.0270180595858
6,14,1357.5664419396908,1509.4335958964061
6,15,1366.7996030893544,1518.64398404246
6,16,1375.8917110953068,1527.6767581166152
6,17,1384.8558240676552,1536.5472631953469
6,18,1393.7028237648376,1545.26828684237
6,19,1402.4418508639435,1553.8505706112203
6,20,1411.0806397840315,1562.3032035087265
6,21,1419.6257791043217,1570.633928022181
6,22,1428.0829161784095,1578.8493805692792
6,23,1436.456919414589,1586.9552821997495
6,24,1444.7520081000253,1594.956591156682
6,25,1452.9718570977568,1602.8576259098834
6,26,1461.1196819129184,1610.6621651204116
6,27,1469.1983082924705,1618.3735294298338
6,28,1477.210229542537,1625.9946488159678
6,29,1485.1576540199708,1633.5281184020407
6,30,1493.0425447086575,1640.976244964264
6,31,1500.8666523779955,1648.3410858976233
6,32,1508.631543505864,1655.6244820292084
6,33,1516.3386239057484,1662.828085383345
6,34,1523.9891588097962,1669.9533827819187
6,35,1531.5842900128625,1677.0017159910215
6,36,1539.1250505674295,1683.9742989894896
6,37,1546.612377428088,1690.8722328279073
6,38,1554.0471223717236,1697.696518461354
6,39,1561.4300614617325,1704.4480678711145
6,40,1568.7619032777368,1711.1277137357476
6,41,1576.0432960947003,1717.7362178675753
6,42,1583.2748341646861,1724.2742785945388
6,43,1590.4570632293746,1730.7425372382259
6,44,1597.590485371113,1737.1415838144862
6,45,1604.6755632932486,1743.4719620634335
6,46,1611.7127241065523,1749.7341738990046
6,47,1618.7023626870375,1755.9286833548465
6,48,1625.6448446606175,1762.0559200917446
6,49,1632.5405090622492,1768.1162825224255
6,50,1639.389670710095,1774.1101406015534
6,51,1646.1926223298346,1780.0378383220752
6,52,1652.949636459143,1785.8996959532865
6,53,1659.6609671585816,1791.696012051301
6,54,1666.3268515513412,1797.427065268498
6,55,1672.9475112115388,1803.0931159849747
6,56,1679.5231534182026,1808.6944077820938
6,57,1686.0539722897722,1814.2311687757508
6,58,1692.5401498123008,1819.7036128245966
6,59,1698.981856772684,1825.1119406267399
6,60,1705.3792536071105,1830.4563407167857
6,61,1711.732491173476,1835.736990373517
6,62,1718.0417114556963,1840.9540564475765
6,63,1724.307048206724,1846.1076961170918
6,64,1730.5286275364872,1851.1980575785883
6,65,1736.7065684501383,1856.225280679486
6,66,1742.8409833414296,1861.1894974979182
6,67,1748.9319784455358,1866.0908328748374
6,68,1754.979654255206,1870.929404903055
6,69,1760.9841059035773,1875.7053253770944
6,70,1766.945423516777,1880.4187002075532
6,71,1772.8636925390426,1885.0696298031855
6,72,1778.738994032871,1889.6582094235782
6,73,1784.5714049563317,1894.1845295050346
6,74,1790.36099841957,1898.6486759620602
6,75,1796.1078439223793,1903.050730466456
6,76,1801.8120075742947,1907.3907707060469
6,77,1807.4735522988738,1911.6688706246566
6,78,1813.0925380232898,1915.8851006449672
6,79,1818.6690218546396,1920.0395278756703
6,80,1824.2030582438554,1924.1322163041104
6,81,1829.6946991383784,1928.1632269756844
6,82,1835.1439941244234,1932.132618161008
6,83,1840.550990559592,1936.0404455117794
6,84,1845.915733696698,1939.8867622063099
6,85,1851.2382667994482,1943.6716190853651
6,86,1856.518631250494,1947.3950647792922
6,87,1861.756866652597,1951.057145826765
6,88,1866.9530109232915,1954.6579067861157
6,89,1872.1071003835789,1958.1973903395217
6,90,1877.2191698411082,1961.6756373907479
6,91,1882.2892526681387,1965.0926871568033
6,92,1887.3173808748036,1968.4485772539977
6,93,1892.3035851778982,1971.7433437787859
6,94,1897.2478950655445,1974.977021383769
6,95,1902.1503388580206,1978.1496433491873
6,96,1907.0109437650021,1981.2612416501386
6,97,1911.8297359394894,1984.3118470199865
6,98,1916.6067405285726,1987.301489010061
6,99,1921.3419817213808,1990.2301960458808
6,100,1926.035482794239,1993.0979954803586
7,0,1181.0098711726778,1323.6172020424735
7,1,1198.8189220040674,1343.262044292088
7,2,1214.5684808412936,1360.4338041648432
7,3,1228.8641129927648,1375.8564158281051
7,4,1242.0911782001945,1389.9905646611019
7,5,1254.5065829580587,1403.1433742499921
7,6,1266.288185608687,1415.5274686159592
7,7,1277.5630278251722,1427.2947220598453
7,8,1288.424273501115,1438.556509068941
7,9,1298.9417955567162,1449.3963605087126
7,10,1309.1690262250715,1459.8781529233331
7,11,1319.147523909698,1470.0515680693925
7,12,1328.910097876537,1479.9558283862928
7,13,1338.482995538327,1489.622311825572
7,14,1347.8874648006295,1499.0764195860684
7,15,1357.1408903134477,1508.3389344668626
7,16,1366.2576333093982,1517.4270248671673
7,17,1375.2496614823115,1526.3549977863454
7,18,1384.1270276950204,1535.1348711038477
7,19,1392.8982382160768,1543.7768137946086
7,20,1401.5705391260824,1552.289488318748
7,21,1410.150141351289,1560.6803196420783
7,22,1418.642399138444,1568.9557085972117
7,23,1427.05195283475,1577.1212025724017
7,24,1435.3828440329087,1585.1816331638636
7,25,1443.6386091265585,1593.141228018303
7,26,1451.8223558555394,1601.0037023403781
7,27,1459.936826343263,1608.7723342518773
7,28,1467.9844493275907,1616.4500272320633
7,29,1475.9673836866218,1624.0393621514093
7,30,1483.8875549062457,1631.5426408673738
7,31,1491.7466857896115,1638.9619229366147
7,32,1499.5463224421092,1646.2990566792112
7,33,1507.28785635859,1653.5557055832444
7,34,1514.9725432783234,1660.7333708452697
7,35,1522.6015193463516,1667.8334106907425
7,36,1530.1758150198011,1674.8570569985554
7,37,1537.6963670778907,1681.805429658621
7,38,1545.164029030561,1688.6795490150864
7,39,1552.579580169508,1695.48034668651
7,40,1559.9437334637298,1702.2086750047597
7,41,1567.2571424681314,1708.8653152740699
7,42,1574.520407386211,1715.450985018718
7,43,1581.7340804051753,1721.9663443610477
7,44,1588.8986704034323,1728.4120016490906
7,45,1596.0146471149055,1734.788518434893
7,46,1603.082444821889,1741.096413889199
7,47,1610.102465637637,1747.33616872567
7,48,1617.0750824307772,1753.5082286969732
7,49,1624.000641436484,1759.6130077162986
7,50,1630.8794645927146,1765.650890650286
7,51,1637.7118516348273,1771.622235823062
7,52,1644.4980819771135,1777.5273772655921
7,53,1651.2384164062619,1783.3666267401013
7,54,1657.9330986081948,1789.1402755653967
7,55,1664.5823565471494,1794.8485962655284
7,56,1671.1864037134596,1800.4918440614147
7,57,1677.7454402542978,1806.0702582226816
7,58,1684.2596540001025,1811.5840632946692
7,59,1690.7292213976343,1817.0334702139
7,60,1697.154308359533,1822.4186773236888
7,61,1703.5350710388573,1827.739871300073
7,62,1709.8716565363297,1832.9972279973117
7,63,1716.1642035469051,1838.1909132208377
7,64,1722.4128429517395,1843.3210834349366
7,65,1728.6176983608223,1848.3878864114279
7,66,1734.7788866109909,1853.3914618250603
7,67,1740.8965182235613,1858.3319418005735
7,68,1746.9706978253953,1863.2094514160722
7,69,1753.00152453668,1868.0241091665969
7,70,1758.9890923284995,1872.7760273916022
7,71,1764.9334903528934,1877.4653126695457
7,72,1770.8348032478902,1882.0920661825114
7,73,1776.69311141962,1886.656384053463
7,74,1782.5084913035182,1891.1583576585692
7,75,1788.2810156064893,1895.5980739166127
7,76,1794.0107535314646,1899.975615557532
7,77,1799.6977709860228,1904.2910613717356
7,78,1805.3421307761853,1908.5444864418419
7,79,1810.943892786788,1912.7359623582706
7,80,1816.5031141493214,1916.8655574199172
7,81,1822.01984939839,1920.93333682118
7,82,1827.494150617625,1924.939362826382
7,83,1832.926067575812,1928.8836949325296
7,84,1838.3156478540902,1932.7663900213977
7,85,1843.6629369648822,1936.5875025016035
7,86,1848.967978463063,1940.3470844416581
7,87,1854.230814050116,1944.045185694345
7,88,1859.4514836716714,1947.6818540134125
7,89,1864.6300256089519,1951.2571351628526
7,90,1869.7664765645957,1954.7710730194958
7,91,1874.8608717431514,1958.2237096692777
7,92,1879.9132449267695,1961.615085497688
7,93,1884.923628546313,1964.9452392747908
7,94,1889.8920537482559,1968.2142082352098
7,95,1894.8185504576418,1971.422028153404
7,96,1899.7031474373748,1974.5687334144993
7,97,1904.545872344104,1977.654357081134
7,98,1909.346751780866,1980.6789309564347
7,99,1914.1058113468334,1983.6424856433657
7,100,1918.8230756841938,1986.5450506009092
8,0,1176.5595463137997,1318.336483931947
8,1,1192.8842942593546,1336.3853123883293
8,2,1207.6523599873296,1352.527569464185
8,3,1221.277127475391,1367.2668741308464
8,4,1234.0341860419826,1380.9389723691984
8,5,1246.1143282921814,1393.7763037044745
8,6,1257.6538346581845,1405.9448963689804
8,7,1268.7526441236041,1417.5665043997396
8,8,1279.4857109261488,1428.7324433245235
8,9,1289.910353012301,1439.5125426645684
8,10,1300.0711510071037,1449.9611142697179
8,11,1310.0033001408533,1460.121035916175
8,12,1319.734956597793,1470.0266098248912
8,13,1329.2889134794375,1479.705604460462
8,14,1338.6838196870399,1489.1807394757136
8,15,1347.935080834674,1498.4707832795316
8,16,1357.0555349340752,1507.5913762126295
8,17,1366.0559659150854,1516.5556561612223
8,18,1374.9454986414294,1525.3747397982484
8,19,1383.7319061451722,1534.058096882151
8,20,1392.4218510252097,1542.6138443487307
8,21,1401.0210769013015,1551.04897955643
8,22,1409.5345615772176,1559.3695668825796
8,23,1417.9666405594887,1567.5808882042033
8,24,1426.3211074163069,1575.6875651636883
8,25,1434.6012958894403,1583.6936592043621
8,26,1442.810147515719,1591.602753952669
8,27,1450.9502676563598,1599.4180234777737
8,28,1459.0239721879811,1607.1422891744578
8,29,1467.0333266221633,1614.778067421865
8,30,1474.9801790482297,1622.3276097171336
8,31,1482.866188007869,1629.792936634606
8,32,1490.6928461885977,1637.1758666911874
8,33,1498.4615006498843,1644.478040987513
8,34,1506.1733701598312,1651.7009443289123
8,35,1513.829560112754,1658.8459233992896
8,36,1521.4310754125706,1665.9142024567307
8,37,1528.9788316384188,1672.9068969363907
8,38,1536.4736647538457,1679.8250252790685
8,39,1543.916339576575,1686.6695192497389
8,40,1551.30755718952,1693.4412329662912
8,41,1558.6479614443258,1700.1409508227268
8,42,1565.93814468452,1706.7693944615091
8,43,1573.1786527953025,1713.327228925699
8,44,1580.369989670706,1719.8150681011903
8,45,1587.5126211750328,1726.2334795428808
8,46,1594.606978664107,1732.5829887645523
8,47,1601.6534621224373,1738.864083060808
8,48,1608.6524429641859,1745.0772149194963
8,49,1615.6042665393818,1751.2228050749297
8,50,1622.5092543807998,1757.3012452452513
8,51,1629.3677062224008,1763.3129005914554
8,52,1636.179901815856,1769.25811193047
8,53,1642.9461025684816,1775.137197730563
8,54,1649.6665530226053,1780.9504559136687
8,55,1656.3414821940462,1786.698165486048
8,56,1662.9711047851504,1792.380588016053
8,57,1669.5556222857958,1797.9979689755369
8,58,1676.0952239743685,1803.5505389592693
8,59,1682.5900878290377,1809.0385147951592
8,60,1689.0403813586818,1814.4621005565505
8,61,1695.4462623615068,1819.8214884864237
8,62,1701.8078796186915,1825.1168598424683
8,63,1708.1253735293665,1830.3483856706607
8,64,1714.3988766927105,1835.516227514427
8,65,1720.6285144422036,1840.6205380654942
8,66,1726.8144053365406,1845.6614617619957
8,67,1732.9566616112693,1850.6391353386762
8,68,1739.0553895948196,1855.553688333732
8,69,1745.1106900920693,1860.4052435560993
8,70,1751.122658738412,1865.1939175168156
8,71,1757.0913863269284,1869.919820827631
8,72,1763.0169591110623,1874.5830585697086
8,73,1768.89945908483,1879.1837306350035
8,74,1774.73896424252,1883.721932042712
8,75,1780.5355488196842,1888.1977532327774
8,76,1786.2892835168236,1892.6112803384929
8,77,1792.0002357073834,1896.9625954398125
8,78,1797.6684696311327,1901.2517767990096
8,79,1803.294046574315,1905.4788990801096
8,80,1808.877025037416,1909.6440335533077
8,81,1814.4174608916849,1913.7472482856417
8,82,1819.9154075252254,1917.7886083189587
8,83,1825.3709159793927,1921.7681758361093
8,84,1830.784035076346,1925.6860103163635
8,85,1836.1548115383962,1929.5421686807076
8,86,1841.4832900996435,1933.3367054280047
8,87,1846.7695136106586,1937.0696727623863
8,88,1852.0135231365668,1940.741120712838
8,89,1857.215358049083,1944.3510972452796
8,90,1862.3750561129327,1947.8996483678507
8,91,1867.492653566975,1951.3868182297729
8,92,1872.5681852005184,1954.8126492142937
8,93,1877.6016844250787,1958.1771820261124
8,94,1882.5931833419165,1961.480455773671
8,95,1887.5427128056417,1964.7225080466549
8,96,1892.450302484147,1967.9033749889588
8,97,1897.3159809151284,1971.023091367583
8,98,1902.1397755593637,1974.081690637584
8,99,1906.9217128510843,1977.079205003318
8,100,1911.6618182454667,1980.0156654764405
9,0,1172.455211753391,1313.519119158956
9,1,1187.5579183604314,1330.2448012469995
9,2,1201.4676486494018,1345.4778086924437
9,3,1214.472411458285,1359.5763180345282
9,4,1226.7715975210704,1372.7882976465703
9,5,1238.5076287906056,1385.290867795228
9,6,1249.7849480323137,1397.2139166760505
9,7,1260.6818873202615,1408.6548604356954
9,8,1271.2583476522648,1419.6881937745534
9,9,1281.560918693291,1430.3718570151495
9,10,1291.626381757789,1440.751592517366
9,11,1301.4841618973169,1450.8639941691179
9,12,1311.1580793917133,1460.7386855939455
9,13,1320.6676235608325,1470.3999043020333
9,14,1330.0288942776085,1479.8676725843793
9,15,1339.2553081028177,1489.1586756835109
9,16,1348.3581349475173,1498.2869292031255
9,17,1357.346910890279,1507.2642925002147
9,18,1366.2297592573066,1516.1008679899808
9,19,1375.0136428996345,1524.805314885468
9,20,1383.7045642750343,1533.3850980254995
9,21,1392.3077255135954,1541.8466869370498
9,22,1400.827657502795,1550.195716369433
9,23,1409.268324769196,1558.4371167282918
9,24,1417.633211290665,1566.575220794335
9,25,1425.9253911653425,1574.613851609382
9,26,1434.147587165845,1582.556395296165
9,27,1442.3022195345197,1590.4058617415865
9,28,1450.391446865877,1598.1649354393383
9,29,1458.4172005339515,1605.8360183048428
9,30,1466.3812138231501,1613.4212659032337
9,31,1474.2850466894254,1620.9226182431166
9,32,1482.1301068979033,1628.341826063964
9,33,1489.9176681408421,1635.680473368168
9,34,1497.6488856275123,1642.9399968090547
9,35,1505.3248095481488,1650.121702435102
9,36,1512.9463967427384,1657.2267802015817
9,37,1520.5145208478036,1664.2563165894044
9,38,1528.0299811478087,1671.2113056130252
9,39,1535.4935103201906,1678.092658452349
9,40,1542.905781231981,1684.901211905245
9,41,1550.267412920842,1691.637735825773
9,42,1557.578975872473,1698.3029396872644
9,43,1564.840996689049,1704.8974783881863
9,44,1572.0539622291853,1711.4219574006966
9,45,1579.218323287905,1717.8769373471798
9,46,1586.3344978751254,1724.26293807747
9,47,1593.4028741429315,1730.5804423092763
9,48,1600.423813004641,1736.8298988853828
9,49,1607.3976504830155,1743.011725693897
9,50,1614.324699819602,1749.1263122915186
9,51,1621.205253373196,1755.1740222645149
9,52,1628.0395843314998,1761.15519535743
9,53,1634.8279482572177,1767.0701493957963
9,54,1641.5705844868517,1772.9191820257538
9,55,1648.26771739836,1778.7025722905635
9,56,1654.9195575618423,1784.4205820615757
9,57,1661.5263027855583,1790.0734573391653
9,58,1668.0881390683348,1795.6614294371163
9,59,1674.605241467877,1801.1847160625102
9,60,1681.0777748936302,1806.6435223017459
9,61,1687.5058948316298,1812.0380415219752
9,62,1693.8897480081482,1817.368456196448
9,63,1700.2294729979878,1822.6349386609988
9,64,1706.5252007828121,1827.837651808408
9,65,1712.7770552642028,1832.976749726434
9,66,1718.985153735655,1838.0523782848363
9,67,1725.1496073173068,1843.0646756759963
9,68,1731.270521356837,1848.0137729134892
9,69,1737.3479957994803,1852.8997942922392
9,70,1743.3821255299524,1857.722857813755
9,71,1749.3730006887185,1862.4830755794735
9,72,1755.320706964878,1867.180554154959
9,73,1761.2253258675778,1871.815394907443
9,74,1767.0869349777925,1876.387694319005
9,75,1772.905608182189,1880.8975442773276
9,76,1778.6814158903921,1885.3450323459815
9,77,1784.4144252371825,1889.7302420158035
9,78,1790.1047002706612,1894.0532529389639
9,79,1795.7523021276768,1898.3141411470974
9,80,1801.357289197334,1902.5129792546752
9,81,1806.9197172736679,1906.6498366488572
9,82,1812.4396396982465,1910.7247796668275
9,83,1817.9171074934225,1914.737871761532
9,84,1823.3521694870321,1918.6891736567795
9,85,1828.744872429159,1922.578743492349
9,86,1834.0952611014382,1926.4066369600787
9,87,1839.403378419611,1930.172907431268
9,88,1844.6692655296965,1933.8776060763657
9,89,1849.892961898277,1937.5207819772158
9,90,1855.0745053973492,1941.1024822325699
9,91,1860.2139323840063,1944.6227520572252
9,92,1865.3112777754648,1948.081634875291
9,93,1870.366575119638,1951.4791724079644
9,94,1875.3798566616078,1954.8154047562084
9,95,1880.351153406262,1958.0903704786588
9,96,1885.2804951773467,1961.3041066650167
9,97,1890.1679106731942,1964.4566490053887
9,98,1895.0134275192775,1967.5480318556909
9,99,1899.817072317927,1970.5782882993524
9,100,1904.5788706952342,1973.5474502057855
10,0,1168.3508771929826,1308.701754385965
10,1,1182.4537317957836,1324.3448621726398
10,2,1195.6296667743936,1338.8001139204935
10,3,1208.08313874221,1352.327791372568
10,4,1219.9601881373728,1365.1138100596038
10,5,1231.3679112811856,1377.2945080374823
10,6,1242.3866304146256,1388.9721388481125
10,7,1253.0777684278523,1400.2248963764805
10,8,1263.4890986798782,1411.1135980886918
10,9,1273.6583369804493,1421.6862577737754
10,10,1283.615655977365,1431.98128646295
10,11,1293.3854811474114,1442.0297788005428
10,12,1302.987796971604,1451.8571758591772
10,13,1312.4391123690268,1461.4844941771205
10,14,1321.7531847722626,1470.9292475362404
10,15,1330.9415704246774,1480.2061475133323
10,16,1340.0140476860477,1489.3276423656612
10,17,1348.9789462702427,1498.3043361642451
10,18,1357.8434059320211,1507.1453181128043
10,19,1366.613581632382,1515.8584237317984
10,20,1375.2948076708435,1524.4504438056179
10,21,1383.8917300502314,1532.9272928884043
10,22,1392.4084140229986,1541.2941462150459
10,23,1400.8484320837447,1549.5555517192238
10,24,1409.214936433566,1557.7155222835913
10,25,1417.5107190220272,1565.7776121756579
10,26,1425.738261582052,1573.7449807443004
10,27,1433.8997775511357,1581.6204457871936
10,28,1441.9972473733355,1589.4065284916987
10,29,1450.0324483702427,1597.1054914618737
10,30,1458.006980131304,1604.719371041379
10,31,1465.9222861884468,1612.2500049061878
10,32,1473.779672594365,1619.6990557155132
10,33,1481.580323908481,1627.0680314626072
10,34,1489.3253170030077,1634.358303050418
10,35,1497.0156330281745,1641.5711195238562
10,36,1504.6521678167944,1648.707621315222
10,37,1512.2357409606016,1655.7688517987583
10,38,1519.7671037520067,1662.7557674008588
10,39,1527.2469461534376,1669.6692464722817
10,40,1534.6759029303275,1676.510097095721
10,41,1542.0545590625763,1683.2790639748566
10,42,1549.3834545316429,1689.9768345284524
10,43,1556.6630885656577,1696.6040442946173
10,44,1563.8939234128914,1703.1612817345547
10,45,1571.0763877035668,1709.6490925123046
10,46,1578.2108794514502,1716.0679833158908
10,47,1585.2977687395346,1722.4184252762898
10,48,1592.337400127825,1728.7008570326873
10,49,1599.3300948163424,1734.915687486018
10,50,1606.2761525917638,1741.063298277144
10,51,1613.1758535826407,1747.1440460213105
10,52,1620.02945984469,1753.1582643263268
10,53,1626.8372167951873,1759.106265618546
10,54,1633.5993545128276,1764.9883427976802
10,55,1640.3160889176054,1770.8047707388478
10,56,1646.9876228434707,1776.5558076580526
10,57,1653.6141470148677,1782.2416963554322
10,58,1660.1958409371728,1787.8626653487622
10,59,1666.732873709637,1793.418929908402
10,60,1673.225404768711,1798.9106930035641
10,61,1679.6735845684984,1804.3381461685535
10,62,1686.0775552045532,1809.7014702969007
10,63,1692.4374509863621,1815.0008363701504
10,64,1698.7533989634408,1820.2364061276062
10,65,1705.0255194093374,1825.4083326824687
10,66,1711.2539262674134,1830.5167610893648
10,67,1717.4387275618783,1835.5618288675944
10,68,1723.5800257772528,1840.5436664842014
10,69,1729.677918208972,1845.4623978003
10,70,1735.7324972876945,1850.318140483946
10,71,1741.7438508795894,1855.1110063924311
10,72,1747.712062564688,1859.8411019265945
10,73,1753.6372118950685,1864.5085283595108
10,74,1759.519374634596,1869.1133821417432
10,75,1765.3586229818025,1873.6557551849949
10,76,1771.1550257771237,1878.1357351260174
10,77,1776.9086486959425,1882.5534055722776
10,78,1782.6195544283732,1886.9088463308965
10,79,1788.2878028470209,1891.2021336221753
10,80,1793.9134511634672,1895.4333402788352
10,81,1799.4965540744993,1899.6025359321561
10,82,1805.0371638988015,1903.7097871859821
10,83,1810.5353307047762,1907.7551577794625
10,84,1815.9911024302478,1911.738708739463
10,85,1821.4045249946341,1915.6604985232618
10,86,1826.7756424040201,1919.5205831524636
10,87,1832.1044968498143,1923.3190163384616
10,88,1837.391128801325,1927.0558496003723
10,89,1842.6355770927323,1930.7311323757192
10,90,1847.8378790048687,1934.3449121245346
10,91,1852.9980703420788,1937.8972344272431
10,92,1858.11618550462,1941.388143076798
10,93,1863.1922575568192,1944.8176801654506
10,94,1868.2263182912975,1948.1858861665241
10,95,1873.2183982895292,1951.4928000115199
10,96,1878.1685269789689,1954.7384591627902
10,97,1883.0767326869895,1957.9228996822455
10,98,1887.9430426917777,1961.0461562961846
10,99,1892.7674832705088,1964.1082624565056
10,100,1897.5500797448165,1967.109250398724
11,0,1164.5650489861016,1304.3137714415911
11,1,1177.8081513892425,1319.0189521580742
11,2,1190.3279052469245,1332.7719468495216
11,3,1202.2705407547157,1345.7639449886597
11,4,1213.7432933893676,1358.1351521888205
11,5,1224.8265897584424,1369.9907226600058
11,6,1235.5819325618413,1381.4110684451562
11,7,1246.057157232821,1392.4587322443344
11,8,1256.2900285871103,1403.1830898733842
11,9,1266.3107584772915,1413.6236419849795
11,10,1276.1438041173612,1423.8123652979452
11,11,1285.8091759551335,1433.775422582239
11,12,1295.3234043605469,1443.534426560859
11,13,1304.7002646418712,1453.107387836318
11,14,1313.9513280580638,1462.509435314705
11,15,1323.0863856743933,1471.7533703781216
11,16,1332.1137780279455,1480.8500979075939
11,17,1341.0406541504947,1489.8089649440171
11,18,1349.8731770004788,1498.6380292812544
11,19,1358.6166878085457,1507.344274340667
11,20,1367.2758386142773,1515.9337824569802
11,21,1375.854699952327,1524.4118756730745
11,22,1384.3568489591894,1532.7832309357373
11,23,1392.7854419317903,1541.0519749627128
11,24,1401.1432744473866,1549.2217628468559
11,25,1409.4328314635625,1557.2958435596079
11,26,1417.6563292938156,1565.2771148322342
11,27,1425.8157509555083,1573.1681693716844
11,28,1433.912876079591,1580.9713339662155
11,29,1441.949306333919,1588.6887027252733
11,30,1449.9264871260843,1596.3221654549516
11,31,1457.8457262058002,1603.8734319797986
11,32,1465.7082096716426,1611.3440530709167
11,33,1473.5150157950447,1618.7354385202264
11,34,1481.2671270011028,1626.0488728048053
11,35,1488.9654402866333,1633.2855287080733
11,36,1496.6107763082941,1640.4464792020865
11,37,1504.2038873346992,1647.532707844573
11,38,1511.7454642247676,1654.545117902838
11,39,1519.236142568715,1661.484540382793
11,40,1526.6765081065425,1668.3517411134098
11,41,1534.067101521321,1675.1474270137605
11,42,1541.4084226898626,1681.8722516505163
11,43,1548.700934461058,1688.5268201780104
11,44,1555.945066022062,1695.111693739342
11,45,1563.1412159038118,1701.627393395975
11,46,1570.289754670149,1708.0744036436445
11,47,1577.3910273288063,1714.4531755645926
11,48,1584.4453554971378,1720.7641296592155
11,49,1591.4530393513583,1727.0076583945486
11,50,1598.4143593839856,1733.1841285020737
11,51,1605.329577991264,1739.29388305319
11,52,1612.1989409093344,1745.337243336986
11,53,1619.0226785158452,1751.3145105619728
11,54,1625.8010070113578,1757.2259674007598
11,55,1632.5341294933583,1763.0718793942872
11,56,1639.2222369341246,1768.8524962302881
11,57,1645.8655090722564,1774.568052908997
11,58,1652.4641152267395,1780.2187708074448
11,59,1659.0182150411747,1785.804858652537
11,60,1665.5279591651702,1791.3265134119345
11,61,1671.9934898788981,1796.783921110627
11,62,1678.4149416663713,1802.1772575804753
11,63,1684.7924417421857,1807.5066891489032
11,64,1691.1261105361586,1812.7723732725428
11,65,1697.416062139705,1817.9744591208291
11,66,1703.6624047174118,1823.113088114151
11,67,1709.8652408869477,1828.1883944205465
11,68,1716.024668070165,1833.200505414754
11,69,1722.1407788178258,1838.1495421027696
11,70,1728.213661110282,1843.035619514982
11,71,1734.2433986361473,1847.858847070546
11,72,1740.230071050864,1852.619328915405
11,73,1746.1737542167614,1857.3171642361574
11,74,1752.0745204261573,1861.9524475518156
11,75,1757.932438608959,1866.5252689851445
11,76,1763.7475745258612,1871.0357145153487
11,77,1769.519990948458,1875.4838662134773
11,78,1775.2497478271248,1879.8698024619862
11,79,1780.9369024478017,1884.193598159683
11,80,1786.5815095783444,1888.4553249131102
11,81,1792.183621605399,1892.6550512154786
11,82,1797.7432886624413,1896.7928426140668
11,83,1803.26055874959,1900.868761866892
11,84,1808.7354778459007,1904.8828690895514
11,85,1814.1680900146616,1908.8352218927887
11,86,1819.558437502095,1912.7258755116945
11,87,1824.9065608300943,1916.5548829268225
11,88,1830.2124988833048,1920.3222949781252
11,89,1835.4762889909778,1924.0281604719407
11,90,1840.6979670040016,1927.6725262816963
11,91,1845.8775673673258,1931.2554374426413
11,92,1851.015123188238,1934.7769372410803
11,93,1856.1106663006701,1938.2370672984548
11,94,1861.1642273258308,1941.6358676506325
11,95,1866.1758357294134,1944.9733768227113
11,96,1871.1455198755884,1948.2496318995666
11,97,1876.0733070780109,1951.4646685925752
11,98,1880.9592236479753,1954.6185213026224
11,99,1885.8032949400247,1957.7112231796089
11,100,1890.6055453950191,1960.7428061788964
12,0,1160.7792207792209,1299.9257884972171
12,1,1173.2948405518805,1313.837338615846
12,2,1185.2427056223962,1326.9780917966343
12,3,1196.7281787379702,1339.4902137300228
12,4,1207.8302819590028,1351.4803286838383
12,5,1218.6094439199182,1363.0299728628938
12,6,1229.112664669713,1374.2025633153753
12,7,1239.377049510227,1385.0481661319538
12,8,1249.4322826829318,1395.6068341851706
12,9,1259.302394288065,1405.9109912289853
12,10,1269.007045316733,1415.9871657893616
12,11,1278.5624774572377,1425.8572727355809
12,12,1287.9822254498379,1435.5395744587022
12,13,1297.2776584763376,1445.0494113672291
12,14,1306.458396613659,1454.3997638067974
12,15,1315.5326347421392,1463.6016891088984
12,16,1324.5073970449307,1472.6646649862191
12,17,1333.3887388523235,1481.5968618807442
12,18,1342.1819081172473,1490.4053608421827
12,19,1350.891475637416,1499.096329236423
12,20,1359.5214408608167,1507.675163508609
12,21,1368.075318453879,1516.146605989318
12,22,1376.5562095928465,1524.5148410878949
12,23,1384.96686103384,1532.7835749954666
12,24,1393.3097143378352,1540.9561021041404
12,25,1401.5869471132914,1549.0353606555402
12,26,1409.8005077467026,1557.023979602678
12,27,1417.952144790073,1564.9243182623875
12,28,1426.0434319401895,1572.7385000197878
12,29,1434.0757893624461,1580.4684411004887
12,30,1442.0505019684044,1588.115875232431
12,31,1449.9687351429568,1595.682374866527
12,32,1457.8315483269128,1603.1693695036026
12,33,1465.639906788567,1610.5781615777569
12,34,1473.3946918598515,1617.9099402679424
12,35,1481.0967098657163,1625.1657935463934
12,36,1488.7466999373614,1632.3467187209828
12,37,1496.3453408687567,1639.453631686706
12,38,1503.893257150343,1646.4873750669638
12,39,1511.391024292927,1653.4487253970347
12,40,1518.8391735372543,1660.3383994787118
12,41,1526.2381960304194,1667.1570600155594
12,42,1533.5885465382642,1673.905320621972
12,43,1540.8906467527395,1680.5837502858487
12,44,1548.1448882449454,1687.1928773530879
12,45,1555.3516351073156,1693.7331930926969
12,46,1562.5112263224487,1700.2051548930492
12,47,1569.6239778910901,1706.6091891331437
12,48,1576.6901847472443,1712.9456937667137
12,49,1583.7101224850005,1719.2150406521646
12,50,1590.6840489181716,1725.417577657026
12,51,1597.6122054914586,1731.5536305620142
12,52,1604.4948185592439,1737.6235047865505
12,53,1611.332100546425,1743.627486955006
12,54,1618.1242510036634,1749.5658463205832
12,55,1624.871457568137,1755.4388360616726
12,56,1631.573896839557,1761.2466944638004
12,57,1638.2317351799563,1766.989645998854
12,58,1644.8451294449794,1772.6679023117542
12,59,1651.4142276533207,1778.2816631237565
12,60,1657.9391696004252,1783.8311170605064
12,61,1664.4200874217015,1789.3164424119761
12,62,1670.857106110117,1794.7378078308623
12,63,1677.2503439923369,1800.0953729750393
12,64,1683.599913167308,1805.3892890993393
12,65,1689.9059199106641,1810.6196996011963
12,66,1696.168465048003,1815.7867405243423
12,67,1702.3876442998157,1820.8905410241991
12,68,1708.5635486005822,1825.9312237984334
12,69,1714.6962643941924,1830.9089054855635
12,70,1720.7858739077606,1835.8236970344226
12,71,1726.832455405634,1840.6757040469142
12,72,1732.8360834253003,1845.465027096282
12,73,1738.7968289966059,1850.191762022898
12,74,1744.7147598456615,1854.8560002094582
12,75,1750.5899405847588,1859.457828837144
12,76,1756.4224328892437,1863.9973311243687
12,77,1762.2122956625597,1868.474586549383
12,78,1767.959585190196,1872.8896710580652
12,79,1773.664355283579,1877.2426572580284
12,80,1779.3266574144875,1881.5336146000227
12,81,1784.9465408408628,1885.7626095476683
12,82,1790.5240527245803,1889.9297057363542
12,83,1796.0592382417367,1894.0349641220732
12,84,1801.5521406860844,1898.078443121005
12,85,1807.0028015660935,1902.0601987403795
12,86,1812.411260695987,1905.980284701464
12,87,1817.7775562813415,1909.8387525549267
12,88,1823.1017249995068,1913.6356517894349
12,89,1828.3838020752603,1917.3710299336947
12,90,1833.6238213520362,1921.044932652553
12,91,1838.8218153589391,1924.6574038374613
12,92,1843.9778153739624,1928.2084856917347
12,93,1849.0918514835544,1931.698218810937
12,94,1854.1639526388278,1935.126642258731
12,95,1859.1941467086108,1938.493793638472
12,96,1864.182460529551,1941.799709160766
12,97,1869.1289199534747,1945.044423707406
12,98,1874.0335498921165,1948.227970891772
12,99,1878.896374359516,1951.3503831159105
12,100,1883.7174165120591,1954.4116916247017
13,0,1157.2880676771997,1295.9380266455694
13,1,1169.1590826876707,1309.1407347451277
13,2,1180.5861406110998,1321.7185446385784
13,3,1191.6448069701562,1333.7773806485084
13,4,1202.3928671645288,1345.3982437274826
13,5,1212.8752653939753,1356.6441346163883
13,6,1223.127483921462,1367.5647907422394
13,7,1233.1779085573633,1378.200002046646
13,8,1243.0495182910274,1388.5819794347237
13,9,1252.7611141137415,1398.7370772833858
13,10,1262.3282272791769,1408.6870665996412
13,11,1271.7638004987257,1418.4500898893396
13,12,1281.0787056499623,1428.0413868573862
13,13,1290.2821420138996,1437.4738526387127
13,14,1299.3819460151137,1446.758471977871
13,15,1308.3848345889535,1455.9046603702163
13,16,1317.2965981969314,1464.9205346220667
13,17,1326.1222552390109,1473.8131292989126
13,18,1334.866176579689,1482.5885712803638
13,19,1343.5321867254015,1491.2522215860909
13,20,1352.1236466060327,1499.8087914151904
13,21,1360.6435217479689,1508.2624377080376
13,22,1369.0944387602779,1516.6168423261206
13,23,1377.478732406593,1524.875278035198
13,24,1385.7984850436492,1533.0406637885098
13,25,1394.0555598327558,1541.1156112810731
13,26,1402.2516288417346,1549.1024643417322
13,27,1410.3881969316449,1557.0033324164729
13,28,1418.4666221478178,1564.8201191516416
13,29,1426.488133197934,1572.554546893948
13,30,1434.4538444913007,1580.2081777718117
13,31,1442.364769127275,1587.7824319019649
13,32,1450.2218301519358,1595.2786031685405
13,33,1458.0258703464879,1602.6978729440186
13,34,1465.7776607660874,1610.041322058535
13,35,1473.4779082112836,1617.3099412730473
13,36,1481.1272617846184,1624.5046404700604
13,37,1488.7263186604407,1631.6262567414883
13,38,1496.2756291758842,1638.67556152498
13,39,1503.7757013344658,1645.6532669168184
13,40,1511.227004799814,1652.5600312701658
13,41,1518.6299744456512,1659.3964641713044
13,42,1525.9850135185309,1666.1631308729502
13,43,1533.2924964616716,1672.8605562526332
13,44,1540.552771441577,1679.4892283543631
13,45,1547.7661626132747,1686.049601563957
13,46,1554.932972155169,1692.5420994614008
13,47,1562.0534821004542,1698.967117388021
13,48,1569.1279559883214,1705.325024761125
13,49,1576.156640355451,1711.616167164642
13,50,1583.1397660853902,1717.8408682406568
13,51,1590.0775496314818,1723.9994314036358
13,52,1596.9701941268395,1730.092141396385
13,53,1603.8178903934936,1736.119265704563
13,54,1610.6208178611153,1742.0810558445414
13,55,1617.3791454046782,1747.9777485376155
13,56,1624.0930321093163,1753.80956678209
13,57,1630.76262796957,1759.5767208335244
13,58,1637.3880745295987,1765.2794091020928
13,59,1643.969505469982,1770.9178189751733
13,60,1650.50704714635,1776.4921275723593
13,61,1657.000819084286,1782.00250243919
13,62,1663.450934434688,1787.4491021854615
13,63,1669.8575003931342,1792.8320770730752
13,64,1676.2206185866023,1798.1515695581247
13,65,1682.5403854304368,1803.407714791255
13,66,1688.8168924581923,1808.6006410800571
13,67,1695.0502266267301,1813.7304703167192
13,68,1701.2404705987592,1818.7973183740799
13,69,1707.3877030046651,1823.8012954726398
13,70,1713.4919986854136,1828.7425065210657
13,71,1719.5534289181016,1833.621051432377
13,72,1725.5720616256256,1838.437025417806
13,73,1731.5479615716795,1843.190519260141
13,74,1737.481190542297,1847.8816195682668
13,75,1743.3718075150791,1852.510409014288
13,76,1749.2198688169258,1857.0769665547216
13,77,1755.025428271342,1861.581367636899
13,78,1760.7885373359406,1866.0236843917767
13,79,1766.5092452310719,1870.4039858141996
13,80,1772.1875990600627,1874.722337931483
13,81,1777.8236439218422,1878.9788039612654
13,82,1783.4174230164579,1883.173444459401
13,83,1788.9689777439366,1887.3063174585704
13,84,1794.478347797083,1891.377478598374
13,85,1799.9455712486122,1895.3869812473736
13,86,1805.3706846329264,1899.3348766178717
13,87,1810.7537230230573,1903.2212138736354
13,88,1816.0947201030062,1907.046040231379
13,89,1821.393708235826,1910.8094010561663
13,90,1826.650718527773,1914.5113399513223
13,91,1831.8657808886896,1918.1518988431185
13,92,1837.0389240890004,1921.7311180606307
13,93,1842.170175813454,1925.249036411077
13,94,1847.259562711857,1928.7056912509465
13,95,1852.3071104469843,1932.1011185531695
13,96,1857.3128437398575,1935.4353529705372
13,97,1862.2767864125606,1938.7084278957548
13,98,1867.1989614287006,1941.9203755182048
13,99,1872.0793909317786,1945.071226877606
13,100,1876.9180962814478,1948.161011914977
14,0,1153.7969145751783,1291.9502647939212
14,1,1165.109272125086,1304.538643143619
14,2,1176.075252088462,1316.6179706438234
14,3,1186.7487550453764,1328.267497123449
14,4,1197.171703669216,1339.5488613383168
14,5,1207.3771948073925,1350.5107254640782
14,6,1217.3917059378343,1361.1920192412526
14,7,1227.2366712093408,1371.6242572216863
14,8,1236.929627652749,1381.8332240387135
14,9,1246.4850623804873,1391.840220041608
14,10,1255.9150479862485,1401.6629955214269
14,11,1265.2297254487326,1411.316460722666
14,12,1274.4376755960752,1420.813232006044
14,13,1283.5462080226032,1430.1640566418155
14,14,1292.561588094892,1439.3781465758934
14,15,1301.4892169910208,1448.4634431409845
14,16,1310.3337757319969,1457.4268288254143
14,17,1319.0993413361043,1466.274298054512
14,18,1327.789481194352,1475.0110959504304
14,19,1336.4073302867196,1483.6418318629514
14,20,1344.9556547719994,1492.1705728654053
14,21,1353.436904676567,1500.6009212227368
14,22,1361.8532578016284,1508.9360789482419
14,23,1370.2066565104392,1517.1789018916115
14,24,1378.498838706945,1525.3319452867722
14,25,1386.7313640485543,1533.3975022923917
14,26,1394.9056362269139,1541.3776367512519
14,27,1403.0229219881633,1549.274211155644
14,28,1411.0843674359385,1557.0889106176144
14,29,1419.0910120595845,1564.8232634946123
14,30,1427.043800849428,1572.478659202509
14,31,1434.9435947966442,1580.0563636535323
14,32,1442.7911800236086,1587.5575326805827
14,33,1450.587275748667,1594.9832237478158
14,34,1458.3325412553127,1602.3344061973676
14,35,1466.0275820079698,1609.6119702414035
14,36,1473.6729550339044,1616.8167348751094
14,37,1481.2691736719794,1623.9494548587627
14,38,1488.8167117734422,1631.010826894163
14,39,1496.3160074271912,1638.001495101831
14,40,1503.7674662710938,1644.9220558896536
14,41,1511.171464442074,1651.773062290417
14,42,1518.5283512101446,1658.5550278345495
14,43,1525.838451335132,1665.2684300152625
14,44,1533.1020671796346,1671.9137133951933
14,45,1540.3194806070992,1678.4912923971528
14,46,1547.4909546900647,1685.0015538157525
14,47,1554.616735250429,1691.444859082029
14,48,1561.697052250589,1697.8215463088889
14,49,1568.7321210521725,1704.131932141751
14,50,1575.7221435566953,1710.376313435686
14,51,1582.6673092409808,1716.5549687777723
14,52,1589.567796098386,1722.6681598710231
14,53,1596.423771495813,1728.716132794383
14,54,1603.2353929550534,1734.6991191515704
14,55,1610.0028088661888,1740.6173371200052
14,56,1616.7261591398817,1746.4709924098102
14,57,1623.4055758044906,1752.2602791418199
14,58,1630.0411835534778,1757.985380652376
14,59,1636.6331002477755,1763.646470231986
14,60,1643.1814373774657,1769.2437118041184
14,61,1649.686300486481,1774.7772605496339
14,62,1656.1477895638225,1780.2472634820012
14,63,1662.5659994042485,1785.6538599776136
14,64,1668.941019941247,1790.9971822653597
14,65,1675.2729365547211,1796.2773558789922
14,66,1681.5618303555764,1801.4945000755874
14,67,1687.8077784492257,1806.648728222963
14,68,1694.0108541798584,1811.7401481588167
14,69,1700.1711273570054,1816.7688625238427
14,70,1706.288664465931,1821.7349690710823
14,71,1712.3635288631697,1826.638560953437
14,72,1718.3957809584545,1831.479726991116
14,73,1724.3854783840616,1836.2585519206277
14,74,1730.3326761525996,1840.9751166268375
14,75,1736.2374268042233,1845.6294983593236
14,76,1742.0997805439479,1850.2217709343636
14,77,1747.9197853699966,1854.7520049235536
14,78,1753.6974871936902,1859.2202678301537
14,79,1759.432929951694,1863.6266242540737
14,80,1765.1261557110076,1867.9711360462807
14,81,1770.7772047673902,1872.2538624534886
14,82,1776.386115737629,1876.474860253808
14,83,1781.9529256460498,1880.6341838839714
14,84,1787.477670005775,1884.731885558824
14,85,1792.96038289508,1888.768015383486
14,86,1798.401097029086,1892.7426214589177
14,87,1803.799843827274,1896.6557499810497
14,88,1809.1566534769856,1900.507445334233
14,89,1814.4715549932343,1904.29775017914
14,90,1819.744576275092,1908.0267055356605
14,91,1824.975744158787,1911.6943508610173
14,92,1830.1650844678672,1915.300724123478
14,93,1835.3126220605145,1918.8458618719312
14,94,1840.418380874237,1922.3297993016088
14,95,1845.482383968103,1925.7525703161907
14,96,1850.504653562667,1929.1142075864636
14,97,1855.4852110777529,1932.4147426059053
14,98,1860.4240771681666,1935.6542057432428
14,99,1865.3212717575939,1938.8326262921623
14,100,1870.1768140706358,1941.9500325185516
15,0,1150.5797759689078,1288.337769759598
15,1,1161.3861823348382,1300.3651554020848
15,2,1171.9261099350892,1311.9794335047204
15,3,1182.2371484029177,1323.239460576539
15,4,1192.3489737645796,1334.191702282567
15,5,1202.2853268410788,1344.873331154828
15,6,1212.0654263922763,1355.3144392430534
15,7,1221.7049968580582,1365.539647315204
15,8,1231.2170279931129,1375.569294266555
15,9,1240.6123445930136,1385.4203291765025
15,10,1249.9000394860434,1395.1069892717328
15,11,1259.0878066038244,1404.641321436374
15,12,1268.1822000362622,1414.033587830971
15,13,1277.188837574693,1423.2925845931463
15,14,1286.112562142693,1432.425894600141
15,15,1294.9575709406906,1441.440089678921
15,16,1303.7275195948716,1450.3408936787582
15,17,1312.425606778136,1459.1333149677796
15,18,1321.0546434454661,1467.8217548391772
15,19,1329.6171098512607,1476.4100967869551
15,20,1338.1152027922599,1484.9017804772243
15,21,1346.5508749766934,1493.299863390968
15,22,1354.9258680091825,1501.6070724706972
15,23,1363.241740167562,1509.8258476123342
15,24,1371.499889906283,1517.9583784660622
15,25,1379.7015758343687,1526.006635717059
15,26,1387.8479337696992,1533.9723977885155
15,27,1395.939991357043,1541.8572737300115
15,28,1403.9786806462917,1549.6627229120668
15,29,1411.9648489555286,1557.390072035168
15,30,1419.899268285688,1565.0405298708774
15,31,1427.782643507176,1572.6152000801742
15,32,1435.615619501428,1580.1150923954444
15,33,1443.3987874097597,1587.5411324047172
15,34,1451.132690117064,1594.8941701378103
15,35,1458.8178270774329,1602.174987622157
15,36,1466.454658572085,1609.3843055496968
15,37,1474.0436094760014,1616.522789174538
15,38,1481.5850725981152,1623.5910535429348
15,39,1489.0794116504119,1630.5896681421502
15,40,1496.526963893094,1637.5191610421884
15,41,1503.9280424963426,1644.3800225937857
15,42,1511.2829386534952,1651.1727087370848
15,43,1518.5919234755802,1657.8976439680869
15,44,1525.855249693219,1664.5552240033946
15,45,1533.0731531883328,1671.1458181785179
15,46,1540.245854375164,1677.669771610233
15,47,1547.373559447698,1684.1274071497232
15,48,1554.4564615082163,1690.5190271496854
15,49,1561.494741590125,1696.8449150657716
15,50,1568.488569586302,1703.1053369101996
15,51,1575.438105093104,1709.3005425732463
15,52,1582.3434981787252,1715.430767026367
15,53,1589.2048900838322,1721.4962314191578
15,54,1596.0224138612284,1727.4971440809543
15,55,1602.7961949606877,1733.433701436563
15,56,1609.5263517644064,1739.3060888445884
15,57,1616.2129960777768,1745.1144813659482
15,58,1622.856233579884,1750.85904446918
15,59,1629.4561642374156,1756.5399346785684
15,60,1636.0128826855146,1762.157300170451
15,61,1642.5264785785155,1767.7112813223896
15,62,1648.9970369133978,1773.2020112196258
15,63,1655.4246383283107,1778.6296161225039
15,64,1661.8093593784606,1783.994215898445
15,65,1668.1512727913012,1789.2959244214935
15,66,1674.4504477028051,1794.5348499422971
15,67,1680.706949876444,1799.7110954309646
15,68,1686.9208419063798,1804.8247588952056
15,69,1693.0921834061019,1809.8759336756905
15,70,1699.2210311837568,1814.8647087205882
15,71,1705.307439405239,1819.7911688409445
15,72,1711.3514597460714,1824.655394948449
15,73,1717.3531415328919,1829.4574642769737
15,74,1723.3125318753919,1834.1974505892222
15,75,1729.2296757895222,1838.8754243695432
15,76,1735.1046163124884,1843.4914530040858
15,77,1740.9373946103346,1848.045600949157
15,78,1746.7280500785014,1852.5379298887444
15,79,1752.4766204360494,1856.968498881999
15,80,1758.1831418138509,1861.3373645013626
15,81,1763.8476488373249,1865.6445809620884
15,82,1769.470174704057,1869.8902002437594
15,83,1775.0507512566116,1874.0742722043296
15,84,1780.5894090509807,1878.1968446873116
15,85,1786.0861774209404,1882.2579636224418
15,86,1791.5410845385122,1886.2576731205033
15,87,1796.954157470939,1890.1960155624026
15,88,1802.3254222343073,1894.0730316832119
15,89,1807.6549038440796,1897.888760651255
15,90,1812.9426263627684,1901.6432401427408
15,91,1818.1886129448465,1905.3365064121308
15,92,1823.3928858792058,1908.9685943585769
15,93,1828.5554666292237,1912.5395375886642
15,94,1833.6763758706306,1916.0493684757143
15,95,1838.755633527312,1919.4981182158533
15,96,1843.7932588051756,1922.8858168809918
15,97,1848.7892702242116,1926.2124934690587
15,98,1853.7436856488123,1929.4781759515247
15,99,1858.6565223165721,1932.6828913183633
15,100,1863.5277968655098,1935.826665620817
16,0,1147.3626373626373,1284.7252747252746
16,1,1157.7226162132936,1296.2576668025754
16,2,1167.880523731394,1307.454901043926
16,3,1177.8618015537422,1318.360428399375
16,4,1187.6868029897796,1329.00900962896
16,5,1197.3720045281027,1339.4287843955703
16,6,1206.9308869321083,1349.6427760597521
16,7,1216.3745864846026,1359.670003919344
16,8,1225.7123834212573,1369.5263173892165
16,9,1234.9520731400364,1379.2250299778593
16,10,1244.1002517469103,1388.7774069616823
16,11,1253.1625381469632,1398.1930446872643
16,12,1262.1437485445592,1407.4801685945229
16,13,1271.0480348399994,1416.645869579949
16,14,1279.878995346889,1425.6962930871503
16,15,1288.6397640803,1434.6367915992919
16,16,1297.3330833034252,1443.4720485391226
16,17,1305.961362883907,1452.2061796417993
16,18,1314.5267291755576,1460.8428164383315
16,19,1323.0310655203268,1469.3851754276257
16,20,1331.4760459999354,1477.836115719813
16,21,1339.8631637143121,1486.1981873320346
16,22,1348.193754594956,1494.4736718585846
16,23,1356.4690175547678,1502.66461688408
16,24,1364.6900316153406,1510.7728652346714
16,25,1372.8577705278858,1518.8000799486042
16,26,1380.9731153053867,1526.7477656795133
16,27,1389.0368650061484,1534.6172871132767
16,28,1397.0497460467982,1542.4098848733934
16,29,1405.0124202735965,1550.1266893057295
16,30,1412.9254919809682,1557.7687324652152
16,31,1420.7895140340145,1565.3369585723074
16,32,1428.6049932257438,1572.832233162423
16,33,1436.372394978307,1580.2553511150377
16,34,1444.0921474800944,1587.6070437192627
16,35,1451.7646453360828,1594.8879849082014
16,36,1459.3902527970176,1602.0987967739416
16,37,1466.9693066230311,1609.240054458234
16,38,1474.5021186290498,1616.3122904997401
16,39,1481.9889779525604,1623.315998707028
16,40,1489.4301530783707,1630.2516376166213
16,41,1496.8258936502416,1637.1196335870602
16,42,1504.1764320951345,1643.9203835728324
16,43,1511.4819850822412,1650.654257616262
16,44,1518.7427548361418,1657.3216010901785
16,45,1525.9589303207958,1663.9227367200247
16,46,1533.1306883089287,1670.4579664102362
16,47,1540.2581943496166,1676.9275728967184
16,48,1547.3416036450972,1683.3318212443846
16,49,1554.3810618467166,1689.6709602064589
16,50,1561.3767057784576,1695.945223460203
16,51,1568.328664095723,1702.1548307320102
16,52,1575.2370578859288,1708.2999888231911
16,53,1582.1020012169447,1714.3808925465673
16,54,1588.9236016384762,1720.3977255828038
16,55,1595.7019606410806,1726.350661264364
16,56,1602.437174076964,1732.239863294114
16,57,1609.129332546144,1738.0654864049136
16,58,1615.778521751353,1743.8276769656836
16,59,1622.3848228244976,1749.5265735389933
16,60,1628.9483126273967,1755.1623073946612
16,61,1635.469064029036,1760.7350029832735
16,62,1641.947146161541,1766.2447783733537
16,63,1648.3826246566687,1771.6917456552621
16,64,1654.7755618645872,1777.076011314845
16,65,1661.1260170564526,1782.3976765793814
16,66,1667.434046612144,1787.65683773825
16,67,1673.6997041944214,1792.853586440356
16,68,1679.9230409106915,1797.9880099703862
16,69,1686.1041054633076,1803.0601915055113
16,70,1692.2429442893945,1808.0702103541912
16,71,1698.3396016910244,1813.0181421785248
16,72,1704.3941199565545,1817.904059201426
16,73,1710.4065394737422,1822.7280303998216
16,74,1716.3768988353163,1827.4901216850135
16,75,1722.3052349376437,1832.1903960710918
16,76,1728.1915830728806,1836.8289138324155
16,77,1734.0359770152622,1841.4057326508914
16,78,1739.8384491018,1845.9209077538685
16,79,1745.5990303079707,1850.374492043351
16,80,1751.3177503185875,1854.7665362170821
16,81,1756.9946375943482,1859.0970888821746
16,82,1762.6297194343072,1863.3661966617865
16,83,1768.2230220345107,1867.5739042953007
16,84,1773.7745705431566,1871.7202547325428
16,85,1779.2843891125012,1875.805289222323
16,86,1784.7525009476306,1879.8290473958948
16,87,1790.1789283524693,1883.7915673453933
16,88,1795.5636927730986,1887.6928856978968
16,89,1800.9068148385986,1891.533037685152
16,90,1806.2083143996153,1895.312057209417
16,91,1811.4682105646943,1899.0299769055728
16,92,1816.686521734663,1902.686828199798
16,93,1821.8632656350896,1906.282641365011
16,94,1826.9984593469756,1909.8174455733024
16,95,1832.0921193357922,1913.2912689455343
16,96,1837.144261478956,1916.7041385982188
16,97,1842.154901091861,1920.056080688009
16,98,1847.1240529524944,1923.3471204537957
16,99,1852.0517313248506,1926.5772822565555
16,100,1856.9379499810534,1929.7465896172794
17,0,1144.401628688157,1281.4668087781833
17,1,1154.3505536401367,1292.5395382926947
17,2,1164.151311424293,1303.3431353902836
17,3,1173.8199859708786,1313.9089746606426
17,4,1183.369597604384,1324.262454581139
17,5,1192.810799317574,1334.4243557241684
17,6,1202.1523914088198,1344.4118446495334
17,7,1211.401707460097,1354.2392268237347
17,8,1220.5649076802658,1363.9185188386368
17,9,1229.6472045537455,1373.4598885796618
17,10,1238.653038345042,1382.8719975788322
17,11,1247.5862149951602,1392.1622700064597
17,12,1256.4500154877285,1401.3371060093575
17,13,1265.2472833418822,1410.4020523814413
17,14,1273.9804951710692,1419.3619402012657
17,15,1282.6518180120554,1428.2209966625867
17,16,1291.2631562304873,1436.9829365720198
17,17,1299.8161901489823,1445.6510377001202
17,18,1308.312408053298,1454.2282032150854
17,19,1316.753132864109,1462.7170137108783
17,20,1325.1395444836257,1471.1197707983245
17,21,1333.4726986138426,1479.4385338134211
17,22,1341.75354267961,1487.675150878229
17,23,1349.9829293633106,1495.8312853025964
17,24,1358.1616281587826,1503.9084381222335
17,25,1366.290335274757,1511.9079674170832
17,26,1374.3696821563424,1519.831104934053
17,27,1382.4002428445651,1527.6789704430823
17,28,1390.3825403545688,1535.4525841789782
17,29,1398.3170522219195,1543.15287766049
17,30,1406.2042153408722,1550.7807031281836
17,31,1414.044430197816,1558.336841802566
17,32,1421.8380645863708,1565.822011131041
17,33,1429.5854568766704,1573.2368711652316
17,34,1437.286918900023,1580.5820301879971
17,35,1444.9427385007057,1587.8580496912116
17,36,1452.5531817988938,1595.065448789994
17,37,1460.1184952021686,1602.204708146502
17,38,1467.6389071975484,1609.276273465649
17,39,1475.1146299515588,1616.2805586162726
17,40,1482.545860741846,1623.2179484237809
17,41,1489.9327832406937,1630.0888011739164
17,42,1497.2755686680384,1636.8934508618472
17,43,1504.5743768291447,1643.632209216403
17,44,1511.8293570502456,1650.305367525171
17,45,1519.0406490236292,1656.9131982830036
17,46,1526.2083835722228,1663.4559566834819
17,47,1533.3326833425363,1669.9338819705936
17,48,1540.4136634335798,1676.3471986656207
17,49,1547.4514319686825,1682.696117682493
17,50,1554.4460906160398,1688.9808373432554
17,51,1561.3977350633809,1695.2015443039618
17,52,1568.306455451299,1701.3584144000251
17,53,1575.1723367695092,1707.4516134191126
17,54,1581.9954592195747,1713.4812978087464
17,55,1588.7758985474052,1719.4476153249245
17,56,1595.5137263484642,1725.35070562741
17,57,1602.2090103481755,1731.190700826803
17,58,1608.8618146599545,1736.9677259878042
17,59,1615.4722000228128,1742.6818995927529
17,60,1622.0402240205017,1748.3333339690778
17,61,1628.5659412837465,1753.9221356838048
17,62,1635.049403677173,1759.4484059081813
17,63,1641.4906604721664,1764.9122407548807
17,64,1647.889758506956,1770.313731590275
17,65,1654.2467423349894,1775.652965323837
17,66,1660.5616543625576,1780.9300246766416
17,67,1666.8345349765887,1786.1449884306458
17,68,1673.0654226634654,1791.2979316604374
17,69,1679.2543541195073,1796.3889259487576
17,70,1685.4013643538437,1801.4180395871858
17,71,1691.5064867842682,1806.3853377631406
17,72,1697.569753326666,1811.2908827342717
17,73,1703.5911944784393,1816.1347339912093
17,74,1709.570839396428,1820.9169484096258
17,75,1715.5087159698048,1825.6375803923268
17,76,1721.404850888188,1830.2966820022252
17,77,1727.2592697054877,1834.8943030867829
17,78,1733.0719968996386,1839.4304913946146
17,79,1738.8430559286844,1843.9052926848235
17,80,1744.5724692833082,1848.3187508295318
17,81,1750.2602585362065,1852.6709079101593
17,82,1755.9064443884706,1856.961804307877
17,83,1761.5110467131303,1861.1914787885948
17,84,1767.0740845961598,1865.3599685829602
17,85,1772.5955763750892,1869.4673094615619
17,86,1778.075539675289,1873.5135358058833
17,87,1783.5139914442389,1877.498680675002
17,88,1788.9109479837975,1881.4227758686288
17,89,1794.266424980654,1885.2858519864687
17,90,1799.5804375351001,1889.087938484326
17,91,1804.8530001881368,1892.8290637270466
17,92,1810.084126947157,1896.5092550385589
17,93,1815.273831310193,1900.1285387491896
17,94,1820.422126288863,1903.6869402404325
17,95,1825.5290244300838,1907.1844839873124
17,96,1830.5945378366332,1910.6211935984536
17,97,1835.6186781866381,1913.9970918541203
17,98,1840.6014567520074,1917.3122007422387
17,99,1845.5428844159853,1920.5665414924879
17,100,1850.4429716897325,1923.7601346087959
18,0,1141.4406200136766,1278.2083428310918
18,1,1151.0217598984198,1288.869795315739
18,2,1160.498919480454,1299.3166997072965
18,3,1169.8811043792898,1309.571138806828
18,4,1179.1756828290718,1319.6511803606572
18,5,1188.3887416319192,1329.5717498983583
18,6,1197.5253531229318,1339.3452853612418
18,7,1206.589778063594,1348.982234620007
18,8,1215.5856217136218,1358.4914381806332
18,9,1224.5159552201812,1367.8804268445087
18,10,1233.3834109951304,1377.15565558425
18,11,1242.1902583590345,1386.322689031428
18,12,1250.938464056388,1395.3863498667301
18,13,1259.6297410581926,1404.3508384894767
18,14,1268.265588214083,1413.2198302490556
18,15,1276.847322694948,1421.9965549979793
18,16,1285.3761067103999,1430.683862606094
18,17,1293.8529696460835,1439.2842772438464
18,18,1302.2788265114707,1447.8000426182923
18,19,1310.654493396093,1456.2331598735718
18,20,1318.9807004853067,1464.5854195070667
18,21,1327.25810307368,1472.8584283753985
18,22,1335.4872909263079,1481.053632649537
18,23,1343.6687962702424,1489.1723374105948
18,24,1351.8031006442286,1497.2157234462406
18,25,1359.8906407927282,1505.1848617034427
18,26,1367.9318137561418,1513.0807257703368
18,27,1375.9269812824084,1520.9042026939148
18,28,1383.876473663111,1528.656102386621
18,29,1391.7805930799111,1536.3371658321933
18,30,1399.6396165326773,1543.9480722657322
18,31,1407.4537984090339,1551.4894454745654
18,32,1415.2233727455937,1558.9618593430316
18,33,1422.9485552231577,1566.3658427449432
18,34,1430.6295449317058,1573.7018838715078
18,35,1438.266525935551,1580.970434069312
18,36,1445.859668664609,1588.1719112518558
18,37,1453.4091311539023,1595.3067029389392
18,38,1460.9150601502265,1602.375168970379
18,39,1468.377592102365,1609.3776439340668
18,40,1475.7968540488405,1616.314439342863
18,41,1483.1729644153856,1623.1858455901304
18,42,1490.5060337326966,1629.992133709659
18,43,1497.7961652835445,1636.7335569625366
18,44,1505.043455687298,1643.4103522704188
18,45,1512.2479954287703,1650.0227415123295
18,46,1519.409869337462,1656.5709326998422
18,47,1526.529157022613,1663.0551210438236
18,48,1533.6059332686395,1669.4754899241798
18,49,1540.6402683952322,1675.8322117727623
18,50,1547.6322285856202,1682.1254488783625
18,51,1554.5818761863395,1688.3553541217384
18,52,1561.489269981245,1694.522071647604
18,53,1568.3544654424388,1700.625737479837
18,54,1575.1775149602404,1706.6664800854378
18,55,1581.9584680542562,1712.6444208921248
18,56,1588.6973715673705,1718.5596747639388
18,57,1595.3942698441667,1724.4123504388529
18,58,1602.049204895317,1730.2025509317873
18,59,1608.662216549108,1735.9303739062307
18,60,1615.2333425913607,1741.5959120173013
18,61,1621.7626188946804,1747.1992532287
18,62,1628.2500795380524,1752.7404811059605
18,63,1634.6957569175404,1758.2196750879132
18,64,1641.0996818489143,1763.6369107383273
18,65,1647.4618836628513,1768.9922599793392
18,66,1653.7823902933305,1774.285791308235
18,67,1660.0612283597761,1779.5175699988797
18,68,1666.2984232435126,1784.6876582891598
18,69,1672.4939991589094,1789.7961155554449
18,70,1678.647979219681,1794.8429984751783
18,71,1684.7603855007092,1799.8283611785046
18,72,1690.8312390957863,1804.7522553897861
18,73,1696.8605601715058,1809.6147305597735
18,74,1702.848368017635,1814.4158339892006
18,75,1708.7946810942965,1819.1556109443504
18,76,1714.6995170760529,1823.8341047652923
18,77,1720.5628928932986,1828.4513569672436
18,78,1726.3848247709707,1833.0074073356136
18,79,1732.1653282649606,1837.5022940151919
18,80,1737.904418296208,1841.9360535938279
18,81,1743.6021091827854,1846.3087211810728
18,82,1749.2584146700608,1850.6203304821036
18,83,1754.873347959015,1854.8709138672277
18,84,1760.4469217329374,1859.0605024373483
18,85,1765.9791481825882,1863.1891260855325
18,86,1771.4700390298296,1867.256813555159
18,87,1776.9196055499845,1871.263592494579
18,88,1782.3278585928888,1875.209489508835
18,89,1787.6948086027742,1879.0945302083755
18,90,1793.0204656370668,1882.9187392551244
18,91,1798.3048393840945,1886.6821404059776
18,92,1803.5479391798874,1890.3847565539402
18,93,1808.7497740240426,1894.0266097670399
18,94,1813.9103525947435,1897.6077213251654
18,95,1819.0296832629813,1901.1281117549518
18,96,1824.107774106027,1904.5878008627699
18,97,1829.1446329202108,1907.9868077660894
18,98,1834.140267233003,1911.3251509231723
18,99,1839.0946843145455,1914.6028481611893
18,100,1844.007891188527,1917.819916703048
19,0,1138.7203100068384,1275.285989597364
19,1,1147.9584083976863,1285.5604871194655
19,2,1157.1301485472775,1295.667505977914
19,3,1166.2389964476745,1305.6217066515296
19,4,1175.28781530971,1315.43519997064
19,5,1184.278991142412,1325.1180782938545
19,6,1193.2145281933647,1334.678819202403
19,7,1202.0961223643692,1344.1245960342478
19,8,1210.9252183125152,1353.461519410619
19,9,1219.7030543153087,1362.6948270068574
19,10,1228.4306978533587,1371.8290340603196
19,11,1237.109074076525,1380.8680537767223
19,12,1245.7389887604963,1389.8152944320054
19,13,1254.3211469589914,1398.6737382676265
19,14,1262.8561682646791,1407.4460060412134
19,15,1271.3445993769717,1416.1344101859877
19,16,1279.7869245153527,1424.74099885707
19,17,1288.1835740971294,1433.2675926368026
19,18,1296.5349320080188,1441.7158152878053
19,19,1304.8413417247152,1450.087119650327
19,20,1313.1031114955233,1458.3828095553538
19,21,1321.320518743932,1466.60405845077
19,22,1329.493813827709,1474.75192530175
19,23,1337.62322326104,1482.8273682196345
19,24,1345.708952487008,1490.831256189125
19,25,1353.7511882720696,1498.764379196325
19,26,1361.7501007811998,1506.6274570063351
19,27,1369.7058453824375,1514.4211467960092
19,28,1377.618564220997,1522.14604981223
19,29,1385.4883875966575,1529.802717197986
19,30,1393.3154351724952,1537.3916551050086
19,31,1401.0998170385285,1544.9133291928792
19,32,1408.8416346502636,1552.3681685988595
19,33,1416.540981658938,1559.7565694496611
19,34,1424.197944647782,1567.078897975635
19,35,1431.8126037864436,1574.3354932789591
19,36,1439.385033414048,1581.526669799827
19,37,1446.9153025597923,1588.6527195184271
19,38,1454.4034754087093,1595.7139139251137
19,39,1461.8496117192853,1602.7105057867598
19,40,1469.2537671985845,1609.6427307334968
19,41,1476.6159938398584,1616.5108086867992
19,42,1483.936340226976,1623.3149451470458
19,43,1491.214851809354,1630.055332356532
19,44,1498.4515711507338,1636.7321503516862
19,45,1505.6465381546293,1643.3455679166723
19,46,1512.7997902689433,1649.8957434489257
19,47,1519.911362672024,1656.3828257460423
19,48,1526.9812884419991,1662.806954722181
19,49,1534.0095987112397,1669.1682620612548
19,50,1540.9963228073323,1675.4668718133175
19,51,1547.9414883820168,1681.70290093986
19,52,1554.8451215291675,1687.8764598129935
19,53,1561.7072468930126,1693.987652673037
19,54,1568.5278877674118,1700.0365780485176
19,55,1575.3070661870872,1706.0233291420998
19,56,1582.0448030115888,1711.9479941856232
19,57,1588.7411180025822,1717.8106567671607
19,58,1595.396029895167,1723.611396132547
19,59,1602.0095564636545,1729.3502874637181
19,60,1608.5817145824037,1735.0274021359464
19,61,1615.1125202820438,1740.64280795572
19,62,1621.6019888015794,1746.1965693810755
19,63,1628.0501346366411,1751.688747725747
19,64,1634.4569715842738,1757.1194013485917
19,65,1640.8225127845285,1762.4885858294692
19,66,1647.1467707591005,1767.7963541327297
19,67,1653.4297574472641,1773.0427567592449
19,68,1659.6714842393774,1778.2278418880228
19,69,1665.8719620080556,1783.3516555081135
19,70,1672.0312011372546,1788.41424154164
19,71,1678.1492115494098,1793.4156419586354
19,72,1684.2260027308191,1798.355896884297
19,73,1690.2615837553346,1803.2350446992352
19,74,1696.2559633065184,1808.0531221332983
19,75,1702.2091496984394,1812.8101643533496
19,76,1708.1211508950817,1817.5062050455554
19,77,1713.9919745286156,1822.1412764924835
19,78,1719.8216279164633,1826.7154096454553
19,79,1725.6101180773974,1831.2286341924885
19,80,1731.3574517465877,1835.6809786220751
19,81,1737.0636353897953,1840.0724702831646
19,82,1742.7286752167313,1844.4031354415904
19,83,1748.3525771935713,1848.67299933314
19,84,1753.93534705479,1852.8820862135901
19,85,1759.4769903143306,1857.0304194057708
19,86,1764.9775122760577,1861.118021344065
19,87,1770.4369180436988,1865.1449136162362
19,88,1775.8552125301867,1869.111117003054
19,89,1781.2324004664868,1873.0166515156154
19,90,1786.5684864099724,1876.8615364306766
19,91,1791.863474752273,1880.6457903240166
19,92,1797.117369726769,1884.3694311020154
19,93,1802.3301754156473,1888.032476031533
19,94,1807.5018957565933,1891.6349417682195
19,95,1812.6325345491284,1895.1768443833316
19,96,1817.7220954606157,1898.6581993890961
19,97,1822.7705820319657,1902.0790217628496
19,98,1827.7779976830097,1905.4393259698998
19,99,1832.7443457176742,1908.7391259851643
19,100,1837.669629328823,1911.9784353138648
20,0,1136.,1272.3636363636363
20,1,1144.9277275154186,1282.2880317767672
20,2,1153.8203286074045,1292.0843886572272
20,3,1162.6770448573436,1301.7615857068024
20,4,1171.4972442497246,1311.327021843647
20,5,1180.2803958915185,1320.7869121590127
20,6,1189.0260505655456,1330.1465155762646
20,7,1197.7338256053208,1339.410311919009
20,8,1206.4033930109993,1348.5821410360543
20,9,1215.0344700240937,1357.6653131418902
20,10,1223.626811587249,1366.662697089069
20,11,1232.1802042634135,1375.5767915556282
20,12,1240.6944612951706,1384.409782884843
20,13,1249.1694185623574,1393.1635924086927
20,14,1257.6049312530727,1401.8399154200836
20,15,1266.0008711053458,1410.4402534641824
20,16,1274.3571241085392,1418.965941247785
20,17,1282.6735885774794,1427.418169185073
20,18,1290.9501735307042,1435.7980023834632
20,19,1299.1867973181859,1444.1063967085956
20,20,1307.383386454887,1452.3442124395403
20,21,1315.5398746250573,1460.5122259256977
20,22,1323.6562018287173,1468.6111395784415
20,23,1331.7323136472965,1476.6415904685455
20,24,1339.7681606093506,1484.6041577512542
20,25,1347.763697640914,1492.499369101358
20,26,1355.7188835874795,1500.3277063088672
20,27,1363.6336807970679,1508.0896101604092
20,28,1371.5080547553528,1515.7854847103672
20,29,1379.3419737655026,1523.4157010291049
20,30,1387.1354086664467,1530.9806005013647
20,31,1394.888332584245,1538.4804977366034
20,32,1402.6007207121831,1545.915683143551
20,33,1410.272550115752,1553.2864252133052
20,34,1417.9037995593058,1560.5929725487308
20,35,1425.4944493516005,1567.8355556724837
20,36,1433.0444812079056,1575.0143886413086
20,37,1440.5538781266393,1582.129670490434
20,38,1448.0226242787326,1589.1815865285223
20,39,1455.4507049082818,1596.17030950093
20,40,1462.8381062431095,1603.096000636652
20,41,1470.1848154141242,1609.9588105923076
20,42,1477.4908203825098,1616.7588803047192
20,43,1484.75610987381,1623.4963417623458
20,44,1491.9806733182236,1630.17131870436
20,45,1499.1645007964055,1636.7839272552283
20,46,1506.3075829901725,1643.3342765015602
20,47,1513.4099111376665,1649.8224690173372
20,48,1520.471476992412,1656.2486013427783
20,49,1527.4922727860055,1662.6127644215671
20,50,1534.4722911939427,1668.915044000596
20,51,1541.4115253043838,1675.1555209959579
20,52,1548.3099685894579,1681.3342718284075
20,53,1555.1676148789995,1687.451368731253
20,54,1561.9844583363667,1693.5068800333056
20,55,1568.7604934361937,1699.5008704191757
20,56,1575.4957149439372,1705.4334011690069
20,57,1582.1901178969654,1711.3045303795718
20,58,1588.8436975871527,1717.1143131683193
20,59,1595.4564495447482,1722.8628018619345
20,60,1602.0283695234996,1728.5500461707825
20,61,1608.559453486834,1734.1760933503751
20,62,1615.0496975950978,1739.7409883510966
20,63,1621.49909819367,1745.2447739570368
20,64,1627.9076518019615,1750.6874909149512
20,65,1634.275355103182,1756.069178054097
20,66,1640.6022049348092,1761.3898723977306
20,67,1646.8881982797102,1766.649609266872
20,68,1653.1333322579078,1771.8484223770545
20,69,1659.3376041188644,1776.9863439285032
20,70,1665.501011234286,1782.0634046903197
20,71,1671.623551091395,1787.079634079121
20,72,1677.7052212866802,1792.0350602325416
20,73,1683.7460195200092,1796.9297100779836
20,74,1689.745943589109,1801.7636093970164
20,75,1695.7049913844564,1806.5367828856595
20,76,1701.6231608844041,1811.2492542109433
20,77,1707.5004501506924,1815.9010460639302
20,78,1713.336857324153,1820.49218020951
20,79,1719.1323806207579,1825.0226775331992
20,80,1724.8870183278223,1829.4925580850822
20,81,1730.6007688004909,1833.901841121181
20,82,1736.2736304584305,1838.2505451423865
20,83,1741.9056017826633,1842.5386879310977
20,84,1747.4966813126296,1846.7662865857944
20,85,1753.0468676434327,1850.933357553552
20,86,1758.5561594231708,1855.0399166608452
20,87,1764.0245553504872,1859.0859791424657
20,88,1769.4520541722225,1863.0715596689777
20,89,1774.8386546811987,1866.9966723725624
20,90,1780.184355714155,1870.861330871514
20,91,1785.4891561497307,1874.6655482933752
20,92,1790.7530549066198,1878.409337296844
20,93,1795.9760509417924,1882.0927100925178
20,94,1801.1581432488167,1885.715678462558
20,95,1806.2993308562673,1889.2782537793273
20,96,1811.3996128262145,1892.7804470230074
20,97,1816.4589882528041,1896.222268798405
20,98,1821.477456260866,1899.6037293508564
20,99,1826.455016004669,1902.924838581279
20,100,1831.3916666666667,1906.185606060606
