Ce,Ti,Hf,Sn,Ge,Y,Sc,Yb,Er,Sm,Nd,Gd,La,In,Nb,Ta,Zr,en_p,ea,valence,pettifor,rad_ionic,rad_slater,rad_clementi,T,a,b,c,beta,ref
0,0,0,0,0,0,0,0,0,0,0,0,0,0,0,0,100,1.33,0.426,4,0.76,0.84,1.55,2.06,25,5.154,5.2075,5.3107,99.14,Green1989
0,0,0,0,0,0,0,0,0,0,0,0,0,0,0,0,100,1.33,0.426,4,0.76,0.84,1.55,2.06,25,5.1469,5.2056,5.3145,99.14,Green1989
12,0,0,0,0,0,0,0,0,0,0,0,0,0,0,0,88,1.3048,0.43488,4,0.7531,0.8556,1.586,2.0024,25,5.2068,5.225,5.382,98.924,Yashima1995
0,0,0,0,0,0,0,0,0,0,0,0,0,0,0,0,100,1.33,0.426,4,0.76,0.84,1.55,2.06,25,5.1501,5.2077,5.3171,99.224,Yashima1995
2,0,0,0,0,0,0,0,0,0,0,0,0,0,0,0,98,1.3258,0.42748,4,0.75885,0.8426,1.556,2.0504,25,5.1581,5.213,5.3249,99.183,Yashima1995
5,0,0,0,0,0,0,0,0,0,0,0,0,0,0,0,95,1.3195,0.4297,4,0.757125,0.8465,1.565,2.036,25,5.1711,5.221,5.3387,99.116,Yashima1995
8,0,0,0,0,0,0,0,0,0,0,0,0,0,0,0,92,1.3132,0.43192,4,0.7554,0.8504,1.574,2.0216,25,5.1851,5.228,5.354,99.051,Yashima1995
10,0,0,0,0,0,0,0,0,0,0,0,0,0,0,0,90,1.309,0.4334,4,0.75425,0.853,1.58,2.012,25,5.1957,5.2287,5.3667,99.004,Yashima1995
5,0,0,0,0,0,0,0,0,0,0,0,0,0,0,0,95,1.3195,0.4297,4,0.757125,0.8465,1.565,2.036,25,5.169,5.223,5.336,99.13,Tani1983
5,0,0,0,0,0,0,0,0,0,0,0,0,0,0,0,95,1.3195,0.4297,4,0.757125,0.8465,1.565,2.036,25,5.168,5.222,5.334,99.12,Tani1983
10,0,0,0,0,0,0,0,0,0,0,0,0,0,0,0,90,1.309,0.4334,4,0.75425,0.853,1.58,2.012,25,5.188,5.23,5.364,98.9,Tani1983
10,0,0,0,0,0,0,0,0,0,0,0,0,0,0,0,90,1.309,0.4334,4,0.75425,0.853,1.58,2.012,25,5.194,5.228,5.365,99,Tani1983
6.9,0,0,0,0,0,0,0,0,0,0,0,0,0,0,0,93.1,1.31551,0.431106,4,0.7560325,0.84897,1.5707,2.02688,25,5.173,5.223,5.343,99.087,Alan unpublished
11.4,0,0,0,0,0,0,0,0,0,0,0,0,0,0,0,88.6,1.30606,0.434436,4,0.753445,0.85482,1.5842,2.00528,25,5.1972,5.2191,5.3701,98.9604,Alan unpublished
12.6,0,0,0,0,0,0,0,0,0,0,0,0,0,0,0,87.4,1.30354,0.435324,4,0.752755,0.85638,1.5878,1.99952,25,5.2068,5.2258,5.3799,98.914,Alan unpublished
4,0,0,0,0,0,0,0,0,0,0,0,0,0,0,0,96,1.3216,0.42896,4,0.7577,0.8452,1.562,2.0408,19.160585,5.162382918,5.224918201,5.32982615,99.12982473,Urabe1988
4,0,0,0,0,0,0,0,0,0,0,0,0,0,0,0,96,1.3216,0.42896,4,0.7577,0.8452,1.562,2.0408,302.5675773,5.172429119,5.217905239,5.351235764,99.02066948,Urabe1988
4,0,0,0,0,0,0,0,0,0,0,0,0,0,0,0,96,1.3216,0.42896,4,0.7577,0.8452,1.562,2.0408,624.9203036,5.187078541,5.219640926,5.374161997,98.89061357,Urabe1988
4,0,0,0,0,0,0,0,0,0,0,0,0,0,0,0,96,1.3216,0.42896,4,0.7577,0.8452,1.562,2.0408,799.867926,5.19413644,5.214810212,5.386384828,98.73679791,Urabe1988
6,0,0,0,0,0,0,0,0,0,0,0,0,0,0,0,94,1.3174,0.43044,4,0.75655,0.8478,1.568,2.0312,22.1339904,5.175819045,5.22336507,5.34584053,99.10918827,Urabe1988
6,0,0,0,0,0,0,0,0,0,0,0,0,0,0,0,94,1.3174,0.43044,4,0.75655,0.8478,1.568,2.0312,199.9069516,5.178217551,5.222146157,5.356513039,99.03786181,Urabe1988
6,0,0,0,0,0,0,0,0,0,0,0,0,0,0,0,94,1.3174,0.43044,4,0.75655,0.8478,1.568,2.0312,400.8989211,5.189895522,5.218323714,5.368193818,98.94985256,Urabe1988
6,0,0,0,0,0,0,0,0,0,0,0,0,0,0,0,94,1.3174,0.43044,4,0.75655,0.8478,1.568,2.0312,601.8143105,5.194858238,5.222247265,5.382452851,98.80829421,Urabe1988
6,0,0,0,0,0,0,0,0,0,0,0,0,0,0,0,94,1.3174,0.43044,4,0.75655,0.8478,1.568,2.0312,700.640425,5.202505933,5.224216062,5.391653677,98.72924913,Urabe1988
8,0,0,0,0,0,0,0,0,0,0,0,0,0,0,0,92,1.3132,0.43192,4,0.7554,0.8504,1.574,2.0216,19.52656309,5.183056691,5.228532811,5.352564211,99.06384846,Urabe1988
8,0,0,0,0,0,0,0,0,0,0,0,0,0,0,0,92,1.3132,0.43192,4,0.7554,0.8504,1.574,2.0216,300.8933831,5.194650405,5.222556206,5.376046538,98.92997098,Urabe1988
8,0,0,0,0,0,0,0,0,0,0,0,0,0,0,0,92,1.3132,0.43192,4,0.7554,0.8504,1.574,2.0216,533.7839131,5.203713612,5.221283931,5.390277485,98.75926494,Urabe1988
0,0,0,0,0,0,0,0,0,0,0,0,0,0,0,0,100,1.33,0.426,4,0.76,0.84,1.55,2.06,19.16347711,5.154180741,5.21155367,5.320845486,99.23188895,Frey1990
0,0,0,0,0,0,0,0,0,0,0,0,0,0,0,0,100,1.33,0.426,4,0.76,0.84,1.55,2.06,945.0827427,5.190418823,5.22047658,5.381680366,98.83404629,Frey1990
0,0,0,0,0,0,0,0,0,0,0,0,0,0,0,0,100,1.33,0.426,4,0.76,0.84,1.55,2.06,1071.608829,5.195437096,5.220573418,5.391066714,98.74905068,Frey1990
0,0,0,0,0,0,0,0,0,0,0,0,0,0,0,0,100,1.33,0.426,4,0.76,0.84,1.55,2.06,1124.871369,5.197117923,5.22061492,5.393293983,98.71856146,Frey1990
0,0,0,0,0,0,0,0,0,0,0,0,0,0,0,0,100,1.33,0.426,4,0.76,0.84,1.55,2.06,1177.000096,5.19879875,5.221202864,5.395521252,98.69462743,Frey1990
0,0,0,0,0,0,0,0,0,0,0,0,0,0,0,0,100,1.33,0.426,4,0.76,0.84,1.55,2.06,25.4936881,5.149086299,5.201237589,5.318966921,99.2371134,Boysen1991
0,0,0,0,0,0,0,0,0,0,0,0,0,0,0,0,100,1.33,0.426,4,0.76,0.84,1.55,2.06,828.3190502,5.18239102,5.211307322,5.372411108,98.83298969,Boysen1991
0,0,0,0,0,0,0,0,0,0,0,0,0,0,0,0,100,1.33,0.426,4,0.76,0.84,1.55,2.06,880.8175806,5.184990089,5.211839613,5.377075627,98.79793814,Boysen1991
0,0,0,0,0,0,0,0,0,0,0,0,0,0,0,0,100,1.33,0.426,4,0.76,0.84,1.55,2.06,920.9593499,5.187068813,5.212370578,5.380184422,98.77113402,Boysen1991
0,0,0,0,0,0,0,0,0,0,0,0,0,0,0,0,100,1.33,0.426,4,0.76,0.84,1.55,2.06,952.7824354,5.18604538,5.212379869,5.380196368,98.75463918,Boysen1991
0,0,0,0,0,0,0,0,0,0,0,0,0,0,0,0,100,1.33,0.426,4,0.76,0.84,1.55,2.06,1002.178863,5.187094034,5.213944886,5.383310472,98.72783505,Boysen1991
0,0,0,0,0,0,0,0,0,0,0,0,0,0,0,0,100,1.33,0.426,4,0.76,0.84,1.55,2.06,22,5.1505,5.2116,5.3173,99.23,Howard1988
0,0,0,0,0,0,0,0,0,0,0,0,0,0,0,0,100,1.33,0.426,4,0.76,0.84,1.55,2.06,27,5.1451,5.2023,5.3219,99.15,Winterer2002
0,0,0,0,0,0,0,0,0,0,0,0,0,0,0,0,100,1.33,0.426,4,0.76,0.84,1.55,2.06,27,5.1487,5.2023,5.3231,99.164,Winterer2002
0,0,0,0,0,0,0,0,0,0,0,0,0,0,0,0,100,1.33,0.426,4,0.76,0.84,1.55,2.06,25,5.145,5.2075,5.3107,99.23333333,Adam1959 [from Patil1969]
0,0,0,0,0,0,0,0,0,0,0,0,0,0,0,0,100,1.33,0.426,4,0.76,0.84,1.55,2.06,33,5.1415,5.2056,5.3128,99.307,Patil1969
0,0,0,0,0,0,0,0,0,0,0,0,0,0,0,0,100,1.33,0.426,4,0.76,0.84,1.55,2.06,319,5.1524,5.2067,5.3305,99.169,Patil1969
0,0,0,0,0,0,0,0,0,0,0,0,0,0,0,0,100,1.33,0.426,4,0.76,0.84,1.55,2.06,475,5.1629,5.2055,5.3428,99.073,Patil1969
0,0,0,0,0,0,0,0,0,0,0,0,0,0,0,0,100,1.33,0.426,4,0.76,0.84,1.55,2.06,633,5.1732,5.2076,5.3557,98.995,Patil1969
0,0,0,0,0,0,0,0,0,0,0,0,0,0,0,0,100,1.33,0.426,4,0.76,0.84,1.55,2.06,798,5.1806,5.2103,5.3659,98.858,Patil1969
0,0,0,0,0,0,0,0,0,0,0,0,0,0,0,0,100,1.33,0.426,4,0.76,0.84,1.55,2.06,932,5.1867,5.2094,5.3796,98.739,Patil1969
0,0,0,0,0,0,0,0,0,0,0,0,0,0,0,0,100,1.33,0.426,4,0.76,0.84,1.55,2.06,956,5.1882,5.2142,5.3836,98.783,Patil1969
0,0,0,0,0,0,0,0,0,0,0,0,0,0,0,0,100,1.33,0.426,4,0.76,0.84,1.55,2.06,985,5.1893,5.2137,5.3872,98.761,Patil1969
0,0,0,0,0,0,0,0,0,0,0,0,0,0,0,0,100,1.33,0.426,4,0.76,0.84,1.55,2.06,1014,5.1931,5.2116,5.3862,98.674,Patil1969
0,0,0,0,0,0,0,0,0,0,0,0,0,0,0,0,100,1.33,0.426,4,0.76,0.84,1.55,2.06,1040,5.1906,5.212,5.3899,98.719,Patil1969
0,0,0,0,0,0,0,0,0,0,0,0,0,0,0,0,100,1.33,0.426,4,0.76,0.84,1.55,2.06,1089,5.1868,5.2165,5.3883,98.78,Patil1969
0,0,0,0,0,0,0,0,0,0,0,0,0,0,0,0,100,1.33,0.426,4,0.76,0.84,1.55,2.06,1144,5.1908,5.2176,5.3893,98.685,Patil1969
0,0,0,0,0,0,0,0,0,0,0,0,0,0,0,0,100,1.33,0.426,4,0.76,0.84,1.55,2.06,25,5.151218,5.205314,5.317123,99.23219,Eddie
0,0,0,0,0,0,0,0,0,0,0,0,0,0,0,0,100,1.33,0.426,4,0.76,0.84,1.55,2.06,927,5.186361,5.215402,5.375653,98.82289,Eddie
0,0,0,0,0,0,0,0,0,0,0,0,0,0,0,0,100,1.33,0.426,4,0.76,0.84,1.55,2.06,1027,5.190694,5.215066,5.383214,98.74505,Eddie
0,0,0,0,0,0,0,0,0,0,0,0,0,0,0,0,100,1.33,0.426,4,0.76,0.84,1.55,2.06,1127,5.194696,5.214876,5.391363,98.65768,Eddie
0,0,0,0,0,0,0,0,0,0,0,0,0,0,0,0,100,1.33,0.426,4,0.76,0.84,1.55,2.06,1147,5.195719,5.214859,5.393028,98.63703,Eddie
0,0,0,0,0,0,0,0,0,0,0,0,0,0,0,0,100,1.33,0.426,4,0.76,0.84,1.55,2.06,1157,5.196478,5.214827,5.394178,98.6303,Eddie
0,0,0,0,0,0,0,0,0,0,0,0,0,0,0,0,100,1.33,0.426,4,0.76,0.84,1.55,2.06,1167,5.196844,5.214636,5.395091,98.62051,Eddie
0,0,0,0,0,0,0,0,0,0,0,0,0,0,0,0,100,1.33,0.426,4,0.76,0.84,1.55,2.06,1177,5.19725,5.213861,5.395557,98.60775,Eddie
0,0,0,0,0,0,0,0,0,0,0,0,0,0,0,0,100,1.33,0.426,4,0.76,0.84,1.55,2.06,927,5.187426,5.215566,5.377805,98.81513,Eddie
4,0,0,0,0,0,0,0,0,0,0,0,0,0,0,0,96,1.3216,0.42896,4,0.7577,0.8452,1.562,2.0408,25,5.168164,5.217501,5.333805,99.13801,Eddie
4,0,0,0,0,0,0,0,0,0,0,0,0,0,0,0,96,1.3216,0.42896,4,0.7577,0.8452,1.562,2.0408,727,5.19486,5.220925,5.381401,98.79243,Eddie
4,0,0,0,0,0,0,0,0,0,0,0,0,0,0,0,96,1.3216,0.42896,4,0.7577,0.8452,1.562,2.0408,827,5.199882,5.221344,5.389342,98.71063,Eddie
4,0,0,0,0,0,0,0,0,0,0,0,0,0,0,0,96,1.3216,0.42896,4,0.7577,0.8452,1.562,2.0408,847,5.200871,5.221094,5.390561,98.69201,Eddie
4,0,0,0,0,0,0,0,0,0,0,0,0,0,0,0,96,1.3216,0.42896,4,0.7577,0.8452,1.562,2.0408,867,5.201966,5.221405,5.392025,98.67366,Eddie
4,0,0,0,0,0,0,0,0,0,0,0,0,0,0,0,96,1.3216,0.42896,4,0.7577,0.8452,1.562,2.0408,887,5.202738,5.221889,5.393813,98.65659,Eddie
4,0,0,0,0,0,0,0,0,0,0,0,0,0,0,0,96,1.3216,0.42896,4,0.7577,0.8452,1.562,2.0408,907,5.20347,5.221336,5.39542,98.63858,Eddie
4,0,0,0,0,0,0,0,0,0,0,0,0,0,0,0,96,1.3216,0.42896,4,0.7577,0.8452,1.562,2.0408,747,5.195237,5.220298,5.383495,98.78115,Eddie
4,0,0,0,0,0,0,0,0,0,0,0,0,0,0,0,96,1.3216,0.42896,4,0.7577,0.8452,1.562,2.0408,727,5.193497,5.220324,5.381718,98.79464,Eddie
4,0,0,0,0,0,0,0,0,0,0,0,0,0,0,0,96,1.3216,0.42896,4,0.7577,0.8452,1.562,2.0408,707,5.193114,5.220351,5.380393,98.80853,Eddie
4,0,0,0,0,0,0,0,0,0,0,0,0,0,0,0,96,1.3216,0.42896,4,0.7577,0.8452,1.562,2.0408,687,5.192134,5.219925,5.378795,98.82372,Eddie
4,0,0,0,0,0,0,0,0,0,0,0,0,0,0,0,96,1.3216,0.42896,4,0.7577,0.8452,1.562,2.0408,667,5.191134,5.220119,5.377296,98.84051,Eddie
4,0,0,0,0,0,0,0,0,0,0,0,0,0,0,0,96,1.3216,0.42896,4,0.7577,0.8452,1.562,2.0408,627,5.189677,5.220034,5.374549,98.87096,Eddie
4,0,0,0,0,0,0,0,0,0,0,0,0,0,0,0,96,1.3216,0.42896,4,0.7577,0.8452,1.562,2.0408,25,5.166177,5.2175,5.333841,99.13932,Eddie
8,0,0,0,0,0,0,0,0,0,0,0,0,0,0,0,92,1.3132,0.43192,4,0.7554,0.8504,1.574,2.0216,25,5.187696,5.227277,5.353084,99.03158,Eddie
8,0,0,0,0,0,0,0,0,0,0,0,0,0,0,0,92,1.3132,0.43192,4,0.7554,0.8504,1.574,2.0216,427,5.203679,5.22591,5.383152,98.81199,Eddie
8,0,0,0,0,0,0,0,0,0,0,0,0,0,0,0,92,1.3132,0.43192,4,0.7554,0.8504,1.574,2.0216,527,5.207868,5.225791,5.389606,98.73698,Eddie
8,0,0,0,0,0,0,0,0,0,0,0,0,0,0,0,92,1.3132,0.43192,4,0.7554,0.8504,1.574,2.0216,567,5.209399,5.225973,5.392624,98.70328,Eddie
8,0,0,0,0,0,0,0,0,0,0,0,0,0,0,0,92,1.3132,0.43192,4,0.7554,0.8504,1.574,2.0216,587,5.209799,5.225421,5.393878,98.69031,Eddie
8,0,0,0,0,0,0,0,0,0,0,0,0,0,0,0,92,1.3132,0.43192,4,0.7554,0.8504,1.574,2.0216,327,5.196969,5.226035,5.376784,98.89932,Eddie
8,0,0,0,0,0,0,0,0,0,0,0,0,0,0,0,92,1.3132,0.43192,4,0.7554,0.8504,1.574,2.0216,25,5.185498,5.228399,5.354222,99.04032,Eddie
12,0,0,0,0,0,0,0,0,0,0,0,0,0,0,0,88,1.3048,0.43488,4,0.7531,0.8556,1.586,2.0024,-3,5.209585,5.222428,5.381488,98.90926,Eddie
12,0,0,0,0,0,0,0,0,0,0,0,0,0,0,0,88,1.3048,0.43488,4,0.7531,0.8556,1.586,2.0024,-13,5.209254,5.221353,5.380343,98.91346,Eddie
12,0,0,0,0,0,0,0,0,0,0,0,0,0,0,0,88,1.3048,0.43488,4,0.7531,0.8556,1.586,2.0024,-23,5.208676,5.222189,5.380358,98.92519,Eddie
12,0,0,0,0,0,0,0,0,0,0,0,0,0,0,0,88,1.3048,0.43488,4,0.7531,0.8556,1.586,2.0024,-33,5.208384,5.222099,5.379419,98.92468,Eddie
12,0,0,0,0,0,0,0,0,0,0,0,0,0,0,0,88,1.3048,0.43488,4,0.7531,0.8556,1.586,2.0024,-43,5.208556,5.22228,5.379187,98.92898,Eddie
12,0,0,0,0,0,0,0,0,0,0,0,0,0,0,0,88,1.3048,0.43488,4,0.7531,0.8556,1.586,2.0024,-53,5.207911,5.221448,5.378223,98.93716,Eddie
12,0,0,0,0,0,0,0,0,0,0,0,0,0,0,0,88,1.3048,0.43488,4,0.7531,0.8556,1.586,2.0024,-63,5.208192,5.222598,5.378217,98.94258,Eddie
12,0,0,0,0,0,0,0,0,0,0,0,0,0,0,0,88,1.3048,0.43488,4,0.7531,0.8556,1.586,2.0024,-73,5.207275,5.222672,5.37692,98.94675,Eddie
12,0,0,0,0,0,0,0,0,0,0,0,0,0,0,0,88,1.3048,0.43488,4,0.7531,0.8556,1.586,2.0024,-93,5.207148,5.222218,5.376128,98.95094,Eddie
12,0,0,0,0,0,0,0,0,0,0,0,0,0,0,0,88,1.3048,0.43488,4,0.7531,0.8556,1.586,2.0024,-113,5.205929,5.222304,5.37525,98.96299,Eddie
12,0,0,0,0,0,0,0,0,0,0,0,0,0,0,0,88,1.3048,0.43488,4,0.7531,0.8556,1.586,2.0024,-133,5.206515,5.223108,5.374855,98.96467,Eddie
12,0,0,0,0,0,0,0,0,0,0,0,0,0,0,0,88,1.3048,0.43488,4,0.7531,0.8556,1.586,2.0024,-153,5.205678,5.223138,5.374324,98.97306,Eddie
12,0,0,0,0,0,0,0,0,0,0,0,0,0,0,0,88,1.3048,0.43488,4,0.7531,0.8556,1.586,2.0024,-173,5.205773,5.222872,5.373678,98.97395,Eddie
12,0,0,0,0,0,0,0,0,0,0,0,0,0,0,0,88,1.3048,0.43488,4,0.7531,0.8556,1.586,2.0024,-193,5.204457,5.223495,5.372983,98.9857,Eddie
12,0,0,0,0,0,0,0,0,0,0,0,0,0,0,0,88,1.3048,0.43488,4,0.7531,0.8556,1.586,2.0024,-213,5.205228,5.22302,5.372464,98.98199,Eddie
12,0,0,0,0,0,0,0,0,0,0,0,0,0,0,0,88,1.3048,0.43488,4,0.7531,0.8556,1.586,2.0024,-233,5.204612,5.223443,5.372069,98.99284,Eddie
12,0,0,0,0,0,0,0,0,0,0,0,0,0,0,0,88,1.3048,0.43488,4,0.7531,0.8556,1.586,2.0024,-253,5.205164,5.223685,5.37203,98.98887,Eddie
12,0,0,0,0,0,0,0,0,0,0,0,0,0,0,0,88,1.3048,0.43488,4,0.7531,0.8556,1.586,2.0024,-203,5.205345,5.22412,5.372634,98.98643,Eddie
12,0,0,0,0,0,0,0,0,0,0,0,0,0,0,0,88,1.3048,0.43488,4,0.7531,0.8556,1.586,2.0024,-153,5.205364,5.223141,5.373661,98.97412,Eddie
12,0,0,0,0,0,0,0,0,0,0,0,0,0,0,0,88,1.3048,0.43488,4,0.7531,0.8556,1.586,2.0024,-93,5.206929,5.223434,5.375783,98.94888,Eddie
12,0,0,0,0,0,0,0,0,0,0,0,0,0,0,0,88,1.3048,0.43488,4,0.7531,0.8556,1.586,2.0024,-33,5.208,5.223241,5.378598,98.92719,Eddie
12,0,0,0,0,0,0,0,0,0,0,0,0,0,0,0,88,1.3048,0.43488,4,0.7531,0.8556,1.586,2.0024,25,5.209638,5.222455,5.381315,98.89269,Eddie
12,0,0,0,0,0,0,0,0,0,0,0,0,0,0,0,88,1.3048,0.43488,4,0.7531,0.8556,1.586,2.0024,77,5.210958,5.222985,5.384215,98.85475,Eddie
12,0,0,0,0,0,0,0,0,0,0,0,0,0,0,0,88,1.3048,0.43488,4,0.7531,0.8556,1.586,2.0024,127,5.212254,5.222075,5.387296,98.82279,Eddie
12,0,0,0,0,0,0,0,0,0,0,0,0,0,0,0,88,1.3048,0.43488,4,0.7531,0.8556,1.586,2.0024,147,5.212904,5.222388,5.388619,98.80991,Eddie
12,0,0,0,0,0,0,0,0,0,0,0,0,0,0,0,88,1.3048,0.43488,4,0.7531,0.8556,1.586,2.0024,167,5.213356,5.221809,5.389432,98.79364,Eddie
12,0,0,0,0,0,0,0,0,0,0,0,0,0,0,0,88,1.3048,0.43488,4,0.7531,0.8556,1.586,2.0024,187,5.21363,5.221742,5.390773,98.78709,Eddie
12.5,0,0,0,0,0,0,0,0,0,0,0,0,0,0,0,87.5,1.30375,0.43525,4,0.7528125,0.85625,1.5875,2,-73,5.208347,5.218601,5.380442,98.90871,Eddie
12.5,0,0,0,0,0,0,0,0,0,0,0,0,0,0,0,87.5,1.30375,0.43525,4,0.7528125,0.85625,1.5875,2,-93,5.20797,5.218226,5.380072,98.91523,Eddie
12.5,0,0,0,0,0,0,0,0,0,0,0,0,0,0,0,87.5,1.30375,0.43525,4,0.7528125,0.85625,1.5875,2,-113,5.207188,5.217747,5.379354,98.9255,Eddie
12.5,0,0,0,0,0,0,0,0,0,0,0,0,0,0,0,87.5,1.30375,0.43525,4,0.7528125,0.85625,1.5875,2,-133,5.2068,5.218163,5.378979,98.92727,Eddie
12.5,0,0,0,0,0,0,0,0,0,0,0,0,0,0,0,87.5,1.30375,0.43525,4,0.7528125,0.85625,1.5875,2,-153,5.207314,5.218562,5.378813,98.93138,Eddie
12.5,0,0,0,0,0,0,0,0,0,0,0,0,0,0,0,87.5,1.30375,0.43525,4,0.7528125,0.85625,1.5875,2,-173,5.207389,5.218102,5.378216,98.93656,Eddie
12.5,0,0,0,0,0,0,0,0,0,0,0,0,0,0,0,87.5,1.30375,0.43525,4,0.7528125,0.85625,1.5875,2,-193,5.207065,5.218512,5.37766,98.93862,Eddie
12.5,0,0,0,0,0,0,0,0,0,0,0,0,0,0,0,87.5,1.30375,0.43525,4,0.7528125,0.85625,1.5875,2,-213,5.206719,5.21866,5.377172,98.94382,Eddie
12.5,0,0,0,0,0,0,0,0,0,0,0,0,0,0,0,87.5,1.30375,0.43525,4,0.7528125,0.85625,1.5875,2,-233,5.206697,5.218872,5.377137,98.95002,Eddie
12.5,0,0,0,0,0,0,0,0,0,0,0,0,0,0,0,87.5,1.30375,0.43525,4,0.7528125,0.85625,1.5875,2,-253,5.206506,5.218768,5.376752,98.94395,Eddie
12.5,0,0,0,0,0,0,0,0,0,0,0,0,0,0,0,87.5,1.30375,0.43525,4,0.7528125,0.85625,1.5875,2,-203,5.206854,5.219828,5.377088,98.95007,Eddie
12.5,0,0,0,0,0,0,0,0,0,0,0,0,0,0,0,87.5,1.30375,0.43525,4,0.7528125,0.85625,1.5875,2,-153,5.207359,5.220463,5.377553,98.93915,Eddie
12.5,0,0,0,0,0,0,0,0,0,0,0,0,0,0,0,87.5,1.30375,0.43525,4,0.7528125,0.85625,1.5875,2,-93,5.208255,5.220047,5.378798,98.9164,Eddie
12.5,0,0,0,0,0,0,0,0,0,0,0,0,0,0,0,87.5,1.30375,0.43525,4,0.7528125,0.85625,1.5875,2,-33,5.208815,5.219882,5.381615,98.89326,Eddie
12.5,0,0,0,0,0,0,0,0,0,0,0,0,0,0,0,87.5,1.30375,0.43525,4,0.7528125,0.85625,1.5875,2,25,5.210163,5.219193,5.383693,98.85777,Eddie
12.5,0,0,0,0,0,0,0,0,0,0,0,0,0,0,0,87.5,1.30375,0.43525,4,0.7528125,0.85625,1.5875,2,25,5.208569,5.221017,5.383947,98.85808,Eddie
12.5,0,0,0,0,0,0,0,0,0,0,0,0,0,0,0,87.5,1.30375,0.43525,4,0.7528125,0.85625,1.5875,2,47,5.209189,5.221157,5.384866,98.84628,Eddie
12.5,0,0,0,0,0,0,0,0,0,0,0,0,0,0,0,87.5,1.30375,0.43525,4,0.7528125,0.85625,1.5875,2,67,5.20982,5.221633,5.385904,98.82347,Eddie
12.5,0,0,0,0,0,0,0,0,0,0,0,0,0,0,0,87.5,1.30375,0.43525,4,0.7528125,0.85625,1.5875,2,87,5.210927,5.221477,5.38725,98.82051,Eddie
12.5,0,0,0,0,0,0,0,0,0,0,0,0,0,0,0,87.5,1.30375,0.43525,4,0.7528125,0.85625,1.5875,2,107,5.21034,5.220674,5.387754,98.80315,Eddie
12.5,0,0,0,0,0,0,0,0,0,0,0,0,0,0,0,87.5,1.30375,0.43525,4,0.7528125,0.85625,1.5875,2,127,5.210891,5.220536,5.388945,98.79066,Eddie
12.5,0,0,0,0,0,0,0,0,0,0,0,0,0,0,0,87.5,1.30375,0.43525,4,0.7528125,0.85625,1.5875,2,137,5.2106,5.220239,5.389594,98.79289,Eddie
12.5,0,0,0,0,0,0,0,0,0,0,0,0,0,0,0,87.5,1.30375,0.43525,4,0.7528125,0.85625,1.5875,2,147,5.211515,5.220179,5.389076,98.77167,Eddie
12.5,0,0,0,0,0,0,0,0,0,0,0,0,0,0,0,87.5,1.30375,0.43525,4,0.7528125,0.85625,1.5875,2,157,5.211132,5.219572,5.39024,98.77405,Eddie
12.5,0,0,0,0,0,0,0,0,0,0,0,0,0,0,0,87.5,1.30375,0.43525,4,0.7528125,0.85625,1.5875,2,167,5.211592,5.219675,5.390507,98.75764,Eddie
12.5,0,0,0,0,0,0,0,0,0,0,0,0,0,0,0,87.5,1.30375,0.43525,4,0.7528125,0.85625,1.5875,2,177,5.211758,5.219644,5.391579,98.7493,Eddie
12.5,0,0,0,0,0,0,0,0,0,0,0,0,0,0,0,87.5,1.30375,0.43525,4,0.7528125,0.85625,1.5875,2,187,5.212217,5.220651,5.392662,98.74382,Eddie
13,0,0,0,0,0,0,0,0,0,0,0,0,0,0,0,87,1.3027,0.43562,4,0.752525,0.8569,1.589,1.9976,-153,5.209397,5.217957,5.381288,98.92243,Eddie
13,0,0,0,0,0,0,0,0,0,0,0,0,0,0,0,87,1.3027,0.43562,4,0.752525,0.8569,1.589,1.9976,-173,5.209328,5.217885,5.3807,98.93036,Eddie
13,0,0,0,0,0,0,0,0,0,0,0,0,0,0,0,87,1.3027,0.43562,4,0.752525,0.8569,1.589,1.9976,-193,5.208592,5.21798,5.380104,98.93809,Eddie
13,0,0,0,0,0,0,0,0,0,0,0,0,0,0,0,87,1.3027,0.43562,4,0.752525,0.8569,1.589,1.9976,-213,5.208461,5.218741,5.379957,98.93619,Eddie
13,0,0,0,0,0,0,0,0,0,0,0,0,0,0,0,87,1.3027,0.43562,4,0.752525,0.8569,1.589,1.9976,-233,5.208283,5.21821,5.38018,98.93808,Eddie
13,0,0,0,0,0,0,0,0,0,0,0,0,0,0,0,87,1.3027,0.43562,4,0.752525,0.8569,1.589,1.9976,-253,5.208336,5.218508,5.379267,98.94265,Eddie
13,0,0,0,0,0,0,0,0,0,0,0,0,0,0,0,87,1.3027,0.43562,4,0.752525,0.8569,1.589,1.9976,-198,5.209536,5.218163,5.380325,98.93554,Eddie
13,0,0,0,0,0,0,0,0,0,0,0,0,0,0,0,87,1.3027,0.43562,4,0.752525,0.8569,1.589,1.9976,-143,5.209281,5.218507,5.380822,98.92059,Eddie
13,0,0,0,0,0,0,0,0,0,0,0,0,0,0,0,87,1.3027,0.43562,4,0.752525,0.8569,1.589,1.9976,-88,5.20894,5.217783,5.381701,98.89842,Eddie
13,0,0,0,0,0,0,0,0,0,0,0,0,0,0,0,87,1.3027,0.43562,4,0.752525,0.8569,1.589,1.9976,-33,5.209523,5.218849,5.384321,98.87921,Eddie
13,0,0,0,0,0,0,0,0,0,0,0,0,0,0,0,87,1.3027,0.43562,4,0.752525,0.8569,1.589,1.9976,25,5.2111,5.218713,5.386776,98.8448,Eddie
13,0,0,0,0,0,0,0,0,0,0,0,0,0,0,0,87,1.3027,0.43562,4,0.752525,0.8569,1.589,1.9976,25,5.209926,5.218311,5.386888,98.83801,Eddie
13,0,0,0,0,0,0,0,0,0,0,0,0,0,0,0,87,1.3027,0.43562,4,0.752525,0.8569,1.589,1.9976,47,5.210092,5.218615,5.387745,98.83534,Eddie
13,0,0,0,0,0,0,0,0,0,0,0,0,0,0,0,87,1.3027,0.43562,4,0.752525,0.8569,1.589,1.9976,67,5.210093,5.218127,5.387718,98.82382,Eddie
13,0,0,0,0,0,0,0,0,0,0,0,0,0,0,0,87,1.3027,0.43562,4,0.752525,0.8569,1.589,1.9976,87,5.21085,5.220321,5.388878,98.79577,Eddie
13,0,0,0,0,0,0,0,0,0,0,0,0,0,0,0,87,1.3027,0.43562,4,0.752525,0.8569,1.589,1.9976,107,5.210609,5.218195,5.390029,98.79143,Eddie
13,0,0,0,0,0,0,0,0,0,0,0,0,0,0,0,87,1.3027,0.43562,4,0.752525,0.8569,1.589,1.9976,117,5.211002,5.219077,5.390484,98.78058,Eddie
13,0,0,0,0,0,0,0,0,0,0,0,0,0,0,0,87,1.3027,0.43562,4,0.752525,0.8569,1.589,1.9976,127,5.21221,5.218209,5.39201,98.78084,Eddie
13,0,0,0,0,0,0,0,0,0,0,0,0,0,0,0,87,1.3027,0.43562,4,0.752525,0.8569,1.589,1.9976,137,5.211955,5.219432,5.391601,98.76614,Eddie
13.5,0,0,0,0,0,0,0,0,0,0,0,0,0,0,0,86.5,1.30165,0.43599,4,0.7522375,0.85755,1.5905,1.9952,-213,5.211771,5.212122,5.384773,98.86913,Eddie
13.5,0,0,0,0,0,0,0,0,0,0,0,0,0,0,0,86.5,1.30165,0.43599,4,0.7522375,0.85755,1.5905,1.9952,-233,5.211045,5.211748,5.384974,98.87047,Eddie
13.5,0,0,0,0,0,0,0,0,0,0,0,0,0,0,0,86.5,1.30165,0.43599,4,0.7522375,0.85755,1.5905,1.9952,-253,5.211991,5.211499,5.38497,98.86753,Eddie
13.5,0,0,0,0,0,0,0,0,0,0,0,0,0,0,0,86.5,1.30165,0.43599,4,0.7522375,0.85755,1.5905,1.9952,-198,5.212512,5.212753,5.384431,98.87546,Eddie
13.5,0,0,0,0,0,0,0,0,0,0,0,0,0,0,0,86.5,1.30165,0.43599,4,0.7522375,0.85755,1.5905,1.9952,-143,5.212374,5.213066,5.385334,98.86322,Eddie
13.5,0,0,0,0,0,0,0,0,0,0,0,0,0,0,0,86.5,1.30165,0.43599,4,0.7522375,0.85755,1.5905,1.9952,-88,5.213028,5.213543,5.3869,98.84175,Eddie
13.5,0,0,0,0,0,0,0,0,0,0,0,0,0,0,0,86.5,1.30165,0.43599,4,0.7522375,0.85755,1.5905,1.9952,-33,5.214424,5.214225,5.389112,98.8138,Eddie
13.5,0,0,0,0,0,0,0,0,0,0,0,0,0,0,0,86.5,1.30165,0.43599,4,0.7522375,0.85755,1.5905,1.9952,25,5.214646,5.214817,5.3904483,98.78445,Eddie
0,0,0,0,0,4,0,0,0,0,0,0,0,0,0,0,96,1.3256,0.42124,3.96,0.756,0.84716,1.56,2.0624,18.2405645,5.168806121,5.214100827,5.327690314,99.21663237,Urabe1988
0,0,0,0,0,4,0,0,0,0,0,0,0,0,0,0,96,1.3256,0.42124,3.96,0.756,0.84716,1.56,2.0624,198.194897,5.175669151,5.219572324,5.338734394,99.22136488,Urabe1988
0,0,0,0,0,4,0,0,0,0,0,0,0,0,0,0,96,1.3256,0.42124,3.96,0.756,0.84716,1.56,2.0624,401.2678049,5.183912959,5.220847716,5.350464561,99.14819959,Urabe1988
0,0,0,0,0,4,0,0,0,0,0,0,0,0,0,0,96,1.3256,0.42124,3.96,0.756,0.84716,1.56,2.0624,503.1946043,5.188035939,5.217303287,5.355282232,99.03106996,Urabe1988
0,0,0,0,0,0,0,0,0,0,0,0,0,0,0,0,100,1.33,0.426,4,0.76,0.84,1.55,2.06,25,5.146267325,5.209777778,5.313370787,99.22222222,Toraya1989
0,0,0,0,0,0,0,0,0,0,0,0,0,0,0,0,100,1.33,0.426,4,0.76,0.84,1.55,2.06,25,5.147162898,5.211111111,5.314269663,99.2,Toraya1989
0,0,0,0,0,0,0,0,0,0,0,0,0,0,0,0,100,1.33,0.426,4,0.76,0.84,1.55,2.06,25,5.147162898,5.212,5.315617978,99.2,Toraya1989
0,0,0,0,0,3.849942796,0,0,0,0,0,0,0,0,0,0,96.1500572,1.325765063,0.421418568,3.961500572,0.756150057,0.846891398,1.559624857,2.062309966,25,5.162308512,5.213111111,5.321685393,99.06666667,Toraya1989
0,0,0,0,0,3.850702193,0,0,0,0,0,0,0,0,0,0,96.14929781,1.325764228,0.421417664,3.961492978,0.756149298,0.846892757,1.559626755,2.062310421,25,5.162980192,5.213777778,5.32258427,99.04,Toraya1989
0,0,0,0,0,4.800149338,0,0,0,0,0,0,0,0,0,0,95.19985066,1.324719836,0.420287822,3.951998507,0.755199851,0.848592267,1.562000373,2.06288009,25,5.166150048,5.213333333,5.324157303,99.00444444,Toraya1989
0,0,0,0,0,5.602770245,0,0,0,0,0,0,0,0,0,0,94.39722976,1.323836953,0.419332703,3.943972298,0.75439723,0.850028959,1.564006926,2.063361662,25,5.166402559,5.213777778,5.327303371,98.99111111,Toraya1989
0,0,0,0,0,5.614004026,0,0,0,0,0,0,0,0,0,0,94.38599597,1.323824596,0.419319335,3.94385996,0.754385996,0.850049067,1.56403501,2.063368402,25,5.167969811,5.212,5.326179775,98.97333333,Toraya1989
0,0,0,0,0,5.783178558,0,0,0,0,0,0,0,0,0,0,94.21682144,1.323638504,0.419118018,3.942168214,0.754216821,0.85035189,1.564457946,2.063469907,25,5.168648224,5.212888889,5.325730337,98.96888889,Toraya1989
0,0,0,0,0,3,0,0,0,0,0,0,0,0,0,0,97,1.3267,0.42243,3.97,0.757,0.84537,1.5575,2.0618,527,5.183774,5.215347,5.354462,98.90268,Eddie
0,0,0,0,0,3,0,0,0,0,0,0,0,0,0,0,97,1.3267,0.42243,3.97,0.757,0.84537,1.5575,2.0618,567,5.184449,5.216008,5.357575,98.86027,Eddie
0,0,0,0,0,3,0,0,0,0,0,0,0,0,0,0,97,1.3267,0.42243,3.97,0.757,0.84537,1.5575,2.0618,587,5.186934,5.215998,5.358931,98.84193,Eddie
0,0,0,0,0,3,0,0,0,0,0,0,0,0,0,0,97,1.3267,0.42243,3.97,0.757,0.84537,1.5575,2.0618,597,5.186253,5.215793,5.359401,98.84029,Eddie
0,0,0,0,0,3,0,0,0,0,0,0,0,0,0,0,97,1.3267,0.42243,3.97,0.757,0.84537,1.5575,2.0618,607,5.186921,5.215647,5.3597,98.82882,Eddie
0,0,0,0,0,3,0,0,0,0,0,0,0,0,0,0,97,1.3267,0.42243,3.97,0.757,0.84537,1.5575,2.0618,427,5.180927,5.215634,5.34908,98.94615,Eddie
0,0,0,0,0,3,0,0,0,0,0,0,0,0,0,0,97,1.3267,0.42243,3.97,0.757,0.84537,1.5575,2.0618,377,5.178441,5.215314,5.346391,98.99967,Eddie
0,0,0,0,0,3,0,0,0,0,0,0,0,0,0,0,97,1.3267,0.42243,3.97,0.757,0.84537,1.5575,2.0618,327,5.178101,5.217081,5.343214,99.06284,Eddie
0,0,0,0,0,4,0,0,0,0,0,0,0,0,0,0,96,1.3256,0.42124,3.96,0.756,0.84716,1.56,2.0624,327,5.180463,5.213401,5.344293,99.01121,Eddie
0,0,0,0,0,4,0,0,0,0,0,0,0,0,0,0,96,1.3256,0.42124,3.96,0.756,0.84716,1.56,2.0624,307,5.18001,5.213833,5.342932,99.04235,Eddie
0,0,0,0,0,4,0,0,0,0,0,0,0,0,0,0,96,1.3256,0.42124,3.96,0.756,0.84716,1.56,2.0624,287,5.179022,5.215137,5.341486,99.07091,Eddie
0,0,0,0,0,4,0,0,0,0,0,0,0,0,0,0,96,1.3256,0.42124,3.96,0.756,0.84716,1.56,2.0624,25,5.169283,5.214038,5.324183,99.15385,Eddie
0,10,0,0,0,0,0,0,0,0,0,0,0,0,0,0,90,1.351,0.3913,4,0.763,0.83,1.535,2.03,25,5.110520455,5.154019812,5.317831192,99.01453838,Noguchi1968
0,15,0,0,0,0,0,0,0,0,0,0,0,0,0,0,85,1.3615,0.37395,4,0.7645,0.825,1.5275,2.015,25,5.096777884,5.134893147,5.318582395,98.83557264,Noguchi1968
0,17.5,0,0,0,0,0,0,0,0,0,0,0,0,0,0,82.5,1.36675,0.365275,4,0.76525,0.8225,1.52375,2.0075,25,5.090461689,5.122658054,5.320297258,98.75152455,Noguchi1968
0,0,0,0,0,0,0,0,0,0,0,0,0,0,0,0,100,1.33,0.426,4,0.76,0.84,1.55,2.06,25,5.1499,5.1991,5.3267,99.124,Troitzsch2006
0,5,0,0,0,0,0,0,0,0,0,0,0,0,0,0,95,1.3405,0.40865,4,0.7615,0.835,1.5425,2.045,25,5.135,5.1927,5.312,99.166,Troitzsch2006
0,10,0,0,0,0,0,0,0,0,0,0,0,0,0,0,90,1.351,0.3913,4,0.763,0.83,1.535,2.03,25,5.1217,5.17,5.3128,99.079,Troitzsch2006
0,14.3,0,0,0,0,0,0,0,0,0,0,0,0,0,0,85.7,1.36003,0.376379,4,0.76429,0.8257,1.52855,2.0171,25,5.1083,5.1456,5.316,98.929,Troitzsch2006
0,0,0,0,0,0,0,0,0,0,0,0,0,0,0,0,100,1.33,0.426,4,0.76,0.84,1.55,2.06,25,5.14675,5.20533,5.31857,99.1729,Gionco2013
0,0.1998002,0,0,0,0,0,0,0,0,0,0,0,0,0,0,99.8001998,1.33041958,0.425306693,4,0.76005994,0.8398002,1.5497003,2.059400599,25,5.15081,5.21196,5.32144,99.1873,Gionco2013
0,0.99009901,0,0,0,0,0,0,0,0,0,0,0,0,0,0,99.00990099,1.332079208,0.422564356,4,0.76029703,0.839009901,1.548514851,2.057029703,25,5.14907,5.2043,5.32347,99.1799,Gionco2013
5,0,0,0,0,2,0,0,0,0,0,0,0,0,0,0,93,1.3173,0.42732,3.98,0.755125,0.85008,1.57,2.0372,20,5.181587856,5.22581844,5.341751869,99.18278865,Urabe1988
5,0,0,0,0,2,0,0,0,0,0,0,0,0,0,0,93,1.3173,0.42732,3.98,0.755125,0.85008,1.57,2.0372,200,5.189505841,5.224396116,5.353517213,99.13185129,Urabe1988
5,0,0,0,0,2,0,0,0,0,0,0,0,0,0,0,93,1.3173,0.42732,3.98,0.755125,0.85008,1.57,2.0372,400,5.194671017,5.224067157,5.365551345,98.92702198,Urabe1988
5,0,0,0,0,3,0,0,0,0,0,0,0,0,0,0,92,1.3162,0.42613,3.97,0.754125,0.85187,1.5725,2.0378,20,5.188456417,5.228565706,5.343950077,99.18498638,Urabe1988
5,0,0,0,0,3,0,0,0,0,0,0,0,0,0,0,92,1.3162,0.42613,3.97,0.754125,0.85187,1.5725,2.0378,150,5.193090745,5.229080323,5.354629578,99.12756349,Urabe1988
5,0,0,0,0,3,0,0,0,0,0,0,0,0,0,0,92,1.3162,0.42613,3.97,0.754125,0.85187,1.5725,2.0378,300,5.199368683,5.226841341,5.365303933,98.99098106,Urabe1988
3,0,0,0,0,3,0,0,0,0,0,0,0,0,0,0,94,1.3204,0.42465,3.97,0.755275,0.84927,1.5665,2.0474,20,5.174720088,5.223620627,5.339279725,99.13663627,Urabe1988
3,0,0,0,0,3,0,0,0,0,0,0,0,0,0,0,94,1.3204,0.42465,3.97,0.755275,0.84927,1.5665,2.0474,250,5.184546511,5.225480376,5.351305545,99.0921781,Urabe1988
3,0,0,0,0,3,0,0,0,0,0,0,0,0,0,0,94,1.3204,0.42465,3.97,0.755275,0.84927,1.5665,2.0474,450,5.192458953,5.221030913,5.365262368,98.97298752,Urabe1988
7,0,0,0,0,2,0,0,0,0,0,0,0,0,0,0,91,1.3131,0.4288,3.98,0.753975,0.85268,1.576,2.0276,20,5.18983005,5.229939734,5.351368091,99.15202039,Urabe1988
7,0,0,0,0,2,0,0,0,0,0,0,0,0,0,0,91,1.3131,0.4288,3.98,0.753975,0.85268,1.576,2.0276,150,5.194189652,5.23127774,5.36094829,99.07042245,Urabe1988
7,0,0,0,0,2,0,0,0,0,0,0,0,0,0,0,91,1.3131,0.4288,3.98,0.753975,0.85268,1.576,2.0276,300,5.202390675,5.227665521,5.371073191,98.99977199,Urabe1988
0,0,0,0,0,9.090909091,0,0,0,0,0,0,0,0,9.090909091,0,81.81818182,1.344545455,0.457636364,4,0.756363636,0.847181818,1.563636364,2.058181818,25,5.167,5.22,5.337,99.06,Li1994_III
0,0,0,0,0,0,0,0,0,0,0,0,0,0,0,0,100,1.33,0.426,4,0.76,0.84,1.55,2.06,25,5.1489,5.2218,5.3147,99.203,Yashima1997
0,0,0,0,0,0,2,0,0,0,0,0,0,0,0,0,98,1.3306,0.42124,3.98,0.7582,0.8406,1.551,2.0556,25,5.1521,5.207,5.3158,99.207,Yashima1997
0,0,0,0,0,0,0,2,0,0,0,0,0,0,0,0,98,1.3254,0.42748,3.98,0.7577,0.8429,1.554,2.0632,25,5.156,5.2104,5.318,99.165,Yashima1997
0,0,0,0,0,0,0,0,2,0,0,0,0,0,0,0,98,1.3282,0.42748,3.98,0.7584,0.84328,1.554,2.064,25,5.157,5.2111,5.3196,99.163,Yashima1997
0,0,0,0,0,2,0,0,0,0,0,0,0,0,0,0,98,1.3278,0.42362,3.98,0.758,0.84358,1.555,2.0612,25,5.158,5.2113,5.3212,99.152,Yashima1997
0,0,0,0,0,0,0,0,0,2,0,0,0,0,0,0,98,1.3268,0.42748,3.98,0.75865,0.84478,1.556,2.0664,25,5.1602,5.2132,5.3233,99.117,Yashima1997
0,0,0,0,0,0,0,0,0,0,2,0,0,0,0,0,98,1.3262,0.42748,3.98,0.75875,0.84538,1.556,2.06,25,5.162,5.2146,5.3247,99.067,Yashima1997
0,0,0,0,0,0,0,0,0,0,0,0,2,0,0,0,98,1.3254,0.42748,3.98,0.7589,0.8464,1.558,2.0578,25,5.162,5.2181,5.3244,99.03,Yashima1997
2,0,0,0,0,0,0,0,0,0,0,0,0,0,0,0,98,1.3258,0.42748,4,0.75885,0.8426,1.556,2.0504,25,5.1559,5.2157,5.3218,99.173,Yashima1997
0,0,0,0,0,0,0,0,0,0,0,0,0,0,0,0,100,1.33,0.426,4,0.76,0.84,1.55,2.06,25,5.14,5.2,5.31,99.24,Ruh1968
0,0,12.76681717,0,0,0,0,0,0,0,0,0,0,0,0,0,87.23318283,1.326169955,0.371613359,4,0.761915023,0.838723318,1.55,2.062553363,25,5.133,5.179,5.301,99.27,Ruh1968
0,0,28.07173417,0,0,0,0,0,0,0,0,0,0,0,0,0,71.92826583,1.32157848,0.306414412,4,0.76421076,0.837192827,1.55,2.065614347,25,5.127,5.177,5.299,99.28,Ruh1968
0,0,46.75516858,0,0,0,0,0,0,0,0,0,0,0,0,0,53.24483142,1.315973449,0.226822982,4,0.767013275,0.835324483,1.55,2.069351034,25,5.126,5.171,5.297,99.28,Ruh1968
0,0,70.07461159,0,0,0,0,0,0,0,0,0,0,0,0,0,29.92538841,1.308977617,0.127482155,4,0.770511192,0.832992539,1.55,2.074014922,25,5.123,5.17,5.294,99.14,Ruh1968
0,0,100,0,0,0,0,0,0,0,0,0,0,0,0,0,0,1.3,0,4,0.775,0.83,1.55,2.08,25,5.128,5.167,5.294,99.18,Ruh1968
0,0,100,0,0,0,0,0,0,0,0,0,0,0,0,0,0,1.3,0,4,0.775,0.83,1.55,2.08,19.87376922,5.118884373,5.180450068,5.288862675,99.25143394,Haggerty2011
0,0,100,0,0,0,0,0,0,0,0,0,0,0,0,0,0,1.3,0,4,0.775,0.83,1.55,2.08,394.8141902,5.130433687,5.178229318,5.311177272,99.1056637,Haggerty2011
0,0,100,0,0,0,0,0,0,0,0,0,0,0,0,0,0,1.3,0,4,0.775,0.83,1.55,2.08,723.8171309,5.145508113,5.182701937,5.332200338,99.00827609,Haggerty2011
0,0,100,0,0,0,0,0,0,0,0,0,0,0,0,0,0,1.3,0,4,0.775,0.83,1.55,2.08,801.1344394,5.149832749,5.185132031,5.337769355,98.99088297,Haggerty2011
0,0,100,0,0,0,0,0,0,0,0,0,0,0,0,0,0,1.3,0,4,0.775,0.83,1.55,2.08,882.657292,5.15528314,5.182944286,5.346110042,98.93224163,Haggerty2011
0,0,100,0,0,0,0,0,0,0,0,0,0,0,0,0,0,1.3,0,4,0.775,0.83,1.55,2.08,972.5912325,5.156446165,5.185207471,5.349354368,98.88492531,Haggerty2011
0,0,100,0,0,0,0,0,0,0,0,0,0,0,0,0,0,1.3,0,4,0.775,0.83,1.55,2.08,1031.087455,5.160359943,5.187069138,5.35423831,98.8642739,Haggerty2011
0,0,100,0,0,0,0,0,0,0,0,0,0,0,0,0,0,1.3,0,4,0.775,0.83,1.55,2.08,1087.542768,5.162231431,5.188500988,5.357429537,98.83366945,Haggerty2011
0,0,100,0,0,0,0,0,0,0,0,0,0,0,0,0,0,1.3,0,4,0.775,0.83,1.55,2.08,1135.928091,5.164989688,5.187998732,5.36221739,98.79004705,Haggerty2011
0,0,100,0,0,0,0,0,0,0,0,0,0,0,0,0,0,1.3,0,4,0.775,0.83,1.55,2.08,1206.160675,5.168440274,5.186693359,5.368121144,98.71841004,Haggerty2011
0,0,100,0,0,0,0,0,0,0,0,0,0,0,0,0,0,1.3,0,4,0.775,0.83,1.55,2.08,1260.509243,5.172038757,5.186673681,5.373470371,98.66396812,Haggerty2011
0,0,100,0,0,0,0,0,0,0,0,0,0,0,0,0,0,1.3,0,4,0.775,0.83,1.55,2.08,1314.857812,5.174319936,5.186904522,5.37791928,98.61448031,Haggerty2011
0,0,100,0,0,0,0,0,0,0,0,0,0,0,0,0,0,1.3,0,4,0.775,0.83,1.55,2.08,1375.288244,5.176963132,5.187147223,5.382924155,98.55139254,Haggerty2011
0,0,100,0,0,0,0,0,0,0,0,0,0,0,0,0,0,1.3,0,4,0.775,0.83,1.55,2.08,1423.554949,5.178561386,5.186324341,5.386743391,98.4883162,Haggerty2011
0,0,100,0,0,0,0,0,0,0,0,0,0,0,0,0,0,1.3,0,4,0.775,0.83,1.55,2.08,1477.541954,5.182551834,5.186342206,5.392739278,98.42016662,Haggerty2011
0,0,100,0,0,0,0,0,0,0,0,0,0,0,0,0,0,1.3,0,4,0.775,0.83,1.55,2.08,1532.749783,5.185208196,5.185753348,5.397376639,98.34242914,Haggerty2011
0,0,100,0,0,0,0,0,0,0,0,0,0,0,0,0,0,1.3,0,4,0.775,0.83,1.55,2.08,1589.340918,5.190506263,5.1853991,5.402687908,98.25511869,Haggerty2011
0,0,0,0,0,0,0,0,0,0,0,0,0,0,0,0,100,1.33,0.426,4,0.76,0.84,1.55,2.06,26.96912988,5.149072456,5.202824906,5.323202509,99.14879253,Haggerty2011
0,0,0,0,0,0,0,0,0,0,0,0,0,0,0,0,100,1.33,0.426,4,0.76,0.84,1.55,2.06,226.0268344,5.1561492,5.206390751,5.33374992,99.10740665,Haggerty2011
0,0,0,0,0,0,0,0,0,0,0,0,0,0,0,0,100,1.33,0.426,4,0.76,0.84,1.55,2.06,271.2684622,5.157271899,5.206469572,5.335841718,99.09542925,Haggerty2011
0,0,0,0,0,0,0,0,0,0,0,0,0,0,0,0,100,1.33,0.426,4,0.76,0.84,1.55,2.06,318.3235941,5.158625,5.206881869,5.337646525,99.08311804,Haggerty2011
0,0,0,0,0,0,0,0,0,0,0,0,0,0,0,0,100,1.33,0.426,4,0.76,0.84,1.55,2.06,354.8320193,5.160499922,5.208308449,5.340613754,99.07291683,Haggerty2011
0,0,0,0,0,0,0,0,0,0,0,0,0,0,0,0,100,1.33,0.426,4,0.76,0.84,1.55,2.06,413.8895217,5.162699458,5.208954467,5.343515933,99.05526896,Haggerty2011
0,0,0,0,0,0,0,0,0,0,0,0,0,0,0,0,100,1.33,0.426,4,0.76,0.84,1.55,2.06,473.5724398,5.165043889,5.209980964,5.347071598,99.03937324,Haggerty2011
0,0,0,0,0,0,0,0,0,0,0,0,0,0,0,0,100,1.33,0.426,4,0.76,0.84,1.55,2.06,523.2210341,5.167272031,5.211348702,5.35003967,99.02122605,Haggerty2011
0,0,0,0,0,0,0,0,0,0,0,0,0,0,0,0,100,1.33,0.426,4,0.76,0.84,1.55,2.06,559.5712438,5.168447355,5.211753636,5.351641361,99.01104441,Haggerty2011
0,0,0,0,0,0,0,0,0,0,0,0,0,0,0,0,100,1.33,0.426,4,0.76,0.84,1.55,2.06,620.1040768,5.171275072,5.212524418,5.355495777,98.99102577,Haggerty2011
0,0,0,0,0,0,0,0,0,0,0,0,0,0,0,0,100,1.33,0.426,4,0.76,0.84,1.55,2.06,665.2569671,5.172491094,5.213607093,5.357574993,98.97593494,Haggerty2011
0,0,0,0,0,0,0,0,0,0,0,0,0,0,0,0,100,1.33,0.426,4,0.76,0.84,1.55,2.06,716.8369921,5.174753065,5.214469797,5.360811924,98.95692832,Haggerty2011
0,0,0,0,0,0,0,0,0,0,0,0,0,0,0,0,100,1.33,0.426,4,0.76,0.84,1.55,2.06,762.4392024,5.176847692,5.215166775,5.363344891,98.93974926,Haggerty2011
0,0,0,0,0,0,0,0,0,0,0,0,0,0,0,0,100,1.33,0.426,4,0.76,0.84,1.55,2.06,803.8702604,5.179296885,5.215920727,5.366794264,98.92575923,Haggerty2011
0,0,0,0,0,0,0,0,0,0,0,0,0,0,0,0,100,1.33,0.426,4,0.76,0.84,1.55,2.06,843.757628,5.180969271,5.21628009,5.368886351,98.90334439,Haggerty2011
0,0,0,0,0,0,0,0,0,0,0,0,0,0,0,0,100,1.33,0.426,4,0.76,0.84,1.55,2.06,886.0645067,5.183083754,5.215589699,5.372579283,98.87279758,Haggerty2011
0,0,0,0,0,0,0,0,0,0,0,0,0,0,0,0,100,1.33,0.426,4,0.76,0.84,1.55,2.06,928.3713853,5.185128999,5.215409164,5.375330112,98.84254121,Haggerty2011
0,0,0,0,0,0,0,0,0,0,0,0,0,0,0,0,100,1.33,0.426,4,0.76,0.84,1.55,2.06,970.678264,5.186872817,5.215621046,5.378625733,98.81079456,Haggerty2011
0,0,0,0,0,0,0,0,0,0,0,0,0,0,0,0,100,1.33,0.426,4,0.76,0.84,1.55,2.06,1012.985143,5.189278292,5.215949489,5.381880521,98.77991913,Haggerty2011
0,0,0,0,0,0,0,0,0,0,0,0,0,0,0,0,100,1.33,0.426,4,0.76,0.84,1.55,2.06,1055.292021,5.190769422,5.216237318,5.385212975,98.74487767,Haggerty2011
0,0,0,0,0,0,0,0,0,0,0,0,0,0,0,0,100,1.33,0.426,4,0.76,0.84,1.55,2.06,1097.5989,5.191971554,5.216187342,5.388235575,98.70142684,Haggerty2011
0,0,0,0,0,0,0,0,0,0,0,0,0,0,0,0,100,1.33,0.426,4,0.76,0.84,1.55,2.06,1139.905779,5.194133306,5.216131646,5.391723046,98.66308269,Haggerty2011
0,0,0,0,0,0,0,0,0,0,0,0,0,0,0,0,100,1.33,0.426,4,0.76,0.84,1.55,2.06,1182.212657,5.195684229,5.21617527,5.394763134,98.62446385,Haggerty2011
0,0,0,0,0,0,0,0,0,0,0,0,0,0,0,0,100,1.33,0.426,4,0.76,0.84,1.55,2.06,25,5.1489,5.2118,5.3147,99.203,Fujimori1998
0,0,0,0,0,0,2,0,0,0,0,0,0,0,0,0,98,1.3306,0.42124,3.98,0.7582,0.8406,1.551,2.0556,25,5.1521,5.207,5.3158,99.207,Fujimori1998
0,0,0,0,0,0,4,0,0,0,0,0,0,0,0,0,96,1.3312,0.41648,3.96,0.7564,0.8412,1.552,2.0512,25,5.1554,5.2036,5.3144,99.108,Fujimori1998
0,0,0,0,0,0,6,0,0,0,0,0,0,0,0,0,94,1.3318,0.41172,3.94,0.7546,0.8418,1.553,2.0468,25,5.1629,5.194,5.3096,98.824,Fujimori1998
0,0,0,0,0,0,0,0,0,0,0,0,0,0,0,0,100,1.33,0.426,4,0.76,0.84,1.55,2.06,25,5.1462,5.2042,5.312,99.243,Gaillard-Allemand2002
0,0,0,3.36,0,0,0,0,0,0,0,0,0,0,0,0,96.64,1.351168,0.4520064,4,0.796288,0.838992,1.54664,2.039504,25,5.1416,5.1903,5.3207,99.108,Gaillard-Allemand2002
0,0,0,6.78,0,0,0,0,0,0,0,0,0,0,0,0,93.22,1.372714,0.4784772,4,0.833224,0.837966,1.54322,2.018642,25,5.1423,5.1817,5.3295,98.925,Gaillard-Allemand2002
0,0,0,10.77,0,0,0,0,0,0,0,0,0,0,0,0,89.23,1.397851,0.5093598,4,0.876316,0.836769,1.53923,1.994303,25,5.1454,5.1653,5.3408,98.737,Gaillard-Allemand2002
0,0,0,13.8,0,0,0,0,0,0,0,0,0,0,0,0,86.2,1.41694,0.532812,4,0.90904,0.83586,1.5362,1.97582,25,5.1368,5.1516,5.3453,98.469,Gaillard-Allemand2002
