Ce,Ti,Hf,Sn,Ge,Y,Sc,Yb,Er,Sm,Nd,Gd,La,In,Nb,Ta,Zr,en_p,ea,valence,pettifor,rad_ionic,rad_slater,rad_clementi,T,a,c,ref
0,0,0,0,0,0,0,0,0,0,0,0,0,0,0,0,100,1.33,0.426,4,0.76,0.84,1.55,2.06,1250,5.147737367,5.27,Teufer1962 [from Patil1969]
0,0,0,0,0,0,0,0,0,0,0,0,0,0,0,0,100,1.33,0.426,4,0.76,0.84,1.55,2.06,1400,5.166687829,5.298,Lang1964 [from Patil1969]
0,0,0,0,0,0,0,0,0,0,0,0,0,0,0,0,100,1.33,0.426,4,0.76,0.84,1.55,2.06,1250,5.15,5.27,Green1989
12,0,0,0,0,0,0,0,0,0,0,0,0,0,0,0,88,1.3048,0.43488,4,0.7531,0.8556,1.586,2.0024,25,5.132,5.228,Hannink2000
0,0,0,0,0,0,0,0,0,0,0,0,0,0,0,0,100,1.33,0.426,4,0.76,0.84,1.55,2.06,1393,5.165556458,5.2928,Patil1969
0,0,0,0,0,0,0,0,0,0,0,0,0,0,0,0,100,1.33,0.426,4,0.76,0.84,1.55,2.06,1314,5.162020924,5.2863,Patil1969
0,0,0,0,0,0,0,0,0,0,0,0,0,0,0,0,100,1.33,0.426,4,0.76,0.84,1.55,2.06,1237,5.158202547,5.2784,Patil1969
0,0,0,0,0,0,0,0,0,0,0,0,0,0,0,0,100,1.33,0.426,4,0.76,0.84,1.55,2.06,1152,5.151838586,5.2724,Patil1969
0,0,0,0,0,0,0,0,0,0,0,0,0,0,0,0,100,1.33,0.426,4,0.76,0.84,1.55,2.06,1126.481803,5.152856138,5.282912742,Frey1990
0,0,0,0,0,0,0,0,0,0,0,0,0,0,0,0,100,1.33,0.426,4,0.76,0.84,1.55,2.06,1179.649782,5.153444082,5.281861361,Frey1990
0,0,0,0,0,0,0,0,0,0,0,0,0,0,0,0,100,1.33,0.426,4,0.76,0.84,1.55,2.06,1223.944998,5.15457155,5.281895945,Frey1990
0,0,0,0,0,0,0,0,0,0,0,0,0,0,0,0,100,1.33,0.426,4,0.76,0.84,1.55,2.06,1288.160555,5.156259295,5.283587148,Frey1990
0,0,0,0,0,0,0,0,0,0,0,0,0,0,0,0,100,1.33,0.426,4,0.76,0.84,1.55,2.06,1334.662866,5.15684378,5.285261059,Frey1990
0,0,0,0,0,0,0,0,0,0,0,0,0,0,0,0,100,1.33,0.426,4,0.76,0.84,1.55,2.06,1407.74715,5.157991999,5.286412736,Frey1990
0,0,0,0,0,0,0,0,0,0,0,0,0,0,0,0,100,1.33,0.426,4,0.76,0.84,1.55,2.06,1421.030066,5.158548817,5.286969554,Frey1990
0,0,0,0,0,0,0,0,0,0,0,0,0,0,0,0,100,1.33,0.426,4,0.76,0.84,1.55,2.06,1452.030262,5.159119468,5.288086647,Frey1990
0,0,0,0,0,0,0,0,0,0,0,0,0,0,0,0,100,1.33,0.426,4,0.76,0.84,1.55,2.06,1540.572277,5.16301373,5.293073793,Frey1990
0,0,0,0,0,0,0,0,0,0,0,0,0,0,0,0,100,1.33,0.426,4,0.76,0.84,1.55,2.06,920.4656024,5.135432559,5.258325516,Boysen1991
0,0,0,0,0,0,0,0,0,0,0,0,0,0,0,0,100,1.33,0.426,4,0.76,0.84,1.55,2.06,953.5305039,5.136992266,5.261434311,Boysen1991
0,0,0,0,0,0,0,0,0,0,0,0,0,0,0,0,100,1.33,0.426,4,0.76,0.84,1.55,2.06,998.7757208,5.137006867,5.261448912,Boysen1991
0,0,0,0,0,0,0,0,0,0,0,0,0,0,0,0,100,1.33,0.426,4,0.76,0.84,1.55,2.06,1110.292331,5.143239058,5.268713828,Boysen1991
0,0,0,0,0,0,0,0,0,0,0,0,0,0,0,0,100,1.33,0.426,4,0.76,0.84,1.55,2.06,1182.591936,5.147392524,5.273901347,Boysen1991
0,0,0,0,0,0,0,0,0,0,0,0,0,0,0,0,100,1.33,0.426,4,0.76,0.84,1.55,2.06,1283.772447,5.152589335,5.280645918,Boysen1991
0,0,0,0,0,0,0,0,0,0,0,0,0,0,0,0,100,1.33,0.426,4,0.76,0.84,1.55,2.06,1335.41755,5.155703439,5.284277712,Boysen1991
0,0,0,0,0,0,0,0,0,0,0,0,0,0,0,0,100,1.33,0.426,4,0.76,0.84,1.55,2.06,1634.881276,5.172840304,5.303995062,Boysen1991
10,0,0,0,0,0,0,0,0,0,0,0,0,0,0,0,90,1.309,0.4334,4,0.75425,0.853,1.58,2.012,25,5.133029546,5.213,Yashima1995
12,0,0,0,0,0,0,0,0,0,0,0,0,0,0,0,88,1.3048,0.43488,4,0.7531,0.8556,1.586,2.0024,25,5.133170967,5.2217,Yashima1995
15,0,0,0,0,0,0,0,0,0,0,0,0,0,0,0,85,1.2985,0.4371,4,0.751375,0.8595,1.595,1.988,25,5.137116623,5.22879,Yashima1995
15,0,0,0,0,0,0,0,0,0,0,0,0,0,0,0,85,1.2985,0.4371,4,0.751375,0.8595,1.595,1.988,25,5.1406,5.2327,Tani1983
15,0,0,0,0,0,0,0,0,0,0,0,0,0,0,0,85,1.2985,0.4371,4,0.751375,0.8595,1.595,1.988,25,5.1394,5.2295,Tani1983
15,0,0,0,0,0,0,0,0,0,0,0,0,0,0,0,85,1.2985,0.4371,4,0.751375,0.8595,1.595,1.988,25,5.1387,5.2302,Tani1983
20,0,0,0,0,0,0,0,0,0,0,0,0,0,0,0,80,1.288,0.4408,4,0.7485,0.866,1.61,1.964,25,5.147,5.2378,Tani1983
14.4,0,0,0,0,0,0,0,0,0,0,0,0,0,0,0,85.6,1.29976,0.436656,4,0.75172,0.85872,1.5932,1.99088,25,5.130908226,5.2274,Alan unpublished
15.9,0,0,0,0,0,0,0,0,0,0,0,0,0,0,0,84.1,1.29661,0.437766,4,0.7508575,0.86067,1.5977,1.98368,25,5.136423659,5.2321,Alan unpublished
20.7,0,0,0,0,0,0,0,0,0,0,0,0,0,0,0,79.3,1.28653,0.441318,4,0.7480975,0.86691,1.6121,1.96064,25,5.153535643,5.2442,Alan unpublished
4,0,0,0,0,0,0,0,0,0,0,0,0,0,0,0,96,1.3216,0.42896,4,0.7577,0.8452,1.562,2.0408,1010.439492,5.150682327,5.272130707,Urabe1988
4,0,0,0,0,0,0,0,0,0,0,0,0,0,0,0,96,1.3216,0.42896,4,0.7577,0.8452,1.562,2.0408,1203.558273,5.164986371,5.290568922,Urabe1988
6,0,0,0,0,0,0,0,0,0,0,0,0,0,0,0,94,1.3174,0.43044,4,0.75655,0.8478,1.568,2.0312,823.4793971,5.149295204,5.265054367,Urabe1988
6,0,0,0,0,0,0,0,0,0,0,0,0,0,0,0,94,1.3174,0.43044,4,0.75655,0.8478,1.568,2.0312,1012.138807,5.157917127,5.276779284,Urabe1988
6,0,0,0,0,0,0,0,0,0,0,0,0,0,0,0,94,1.3174,0.43044,4,0.75655,0.8478,1.568,2.0312,1202.398198,5.170673222,5.292636007,Urabe1988
8,0,0,0,0,0,0,0,0,0,0,0,0,0,0,0,92,1.3132,0.43192,4,0.7554,0.8504,1.574,2.0216,706.8226835,5.149911309,5.266189609,Urabe1988
8,0,0,0,0,0,0,0,0,0,0,0,0,0,0,0,92,1.3132,0.43192,4,0.7554,0.8504,1.574,2.0216,909.239802,5.160588493,5.276869157,Urabe1988
8,0,0,0,0,0,0,0,0,0,0,0,0,0,0,0,92,1.3132,0.43192,4,0.7554,0.8504,1.574,2.0216,1110.482655,5.173335127,5.29271642,Urabe1988
12,0,0,0,0,0,0,0,0,0,0,0,0,0,0,0,88,1.3048,0.43488,4,0.7531,0.8556,1.586,2.0024,21.21482673,5.127764638,5.220783494,Urabe1988
12,0,0,0,0,0,0,0,0,0,0,0,0,0,0,0,88,1.3048,0.43488,4,0.7531,0.8556,1.586,2.0024,303.6451897,5.141473863,5.242246655,Urabe1988
12,0,0,0,0,0,0,0,0,0,0,0,0,0,0,0,88,1.3048,0.43488,4,0.7531,0.8556,1.586,2.0024,606.7972589,5.157750389,5.265757981,Urabe1988
12,0,0,0,0,0,0,0,0,0,0,0,0,0,0,0,88,1.3048,0.43488,4,0.7531,0.8556,1.586,2.0024,807.9549688,5.168944344,5.280057294,Urabe1988
12,0,0,0,0,0,0,0,0,0,0,0,0,0,0,0,88,1.3048,0.43488,4,0.7531,0.8556,1.586,2.0024,1010.499802,5.180657435,5.294351878,Urabe1988
4,0,0,0,0,0,0,0,0,0,0,0,0,0,0,0,96,1.3216,0.42896,4,0.7577,0.8452,1.562,2.0408,927,5.147321588,5.266768,Eddie
4,0,0,0,0,0,0,0,0,0,0,0,0,0,0,0,96,1.3216,0.42896,4,0.7577,0.8452,1.562,2.0408,947,5.148344065,5.268082,Eddie
4,0,0,0,0,0,0,0,0,0,0,0,0,0,0,0,96,1.3216,0.42896,4,0.7577,0.8452,1.562,2.0408,967,5.149464122,5.269658,Eddie
4,0,0,0,0,0,0,0,0,0,0,0,0,0,0,0,96,1.3216,0.42896,4,0.7577,0.8452,1.562,2.0408,987,5.150513468,5.270998,Eddie
4,0,0,0,0,0,0,0,0,0,0,0,0,0,0,0,96,1.3216,0.42896,4,0.7577,0.8452,1.562,2.0408,1027,5.152675801,5.274023,Eddie
4,0,0,0,0,0,0,0,0,0,0,0,0,0,0,0,96,1.3216,0.42896,4,0.7577,0.8452,1.562,2.0408,847,5.143025207,5.260864,Eddie
4,0,0,0,0,0,0,0,0,0,0,0,0,0,0,0,96,1.3216,0.42896,4,0.7577,0.8452,1.562,2.0408,827,5.141934849,5.25936,Eddie
8,0,0,0,0,0,0,0,0,0,0,0,0,0,0,0,92,1.3132,0.43192,4,0.7554,0.8504,1.574,2.0216,627,5.146226987,5.256056,Eddie
8,0,0,0,0,0,0,0,0,0,0,0,0,0,0,0,92,1.3132,0.43192,4,0.7554,0.8504,1.574,2.0216,647,5.147287647,5.257485,Eddie
8,0,0,0,0,0,0,0,0,0,0,0,0,0,0,0,92,1.3132,0.43192,4,0.7554,0.8504,1.574,2.0216,667,5.148339822,5.25918,Eddie
8,0,0,0,0,0,0,0,0,0,0,0,0,0,0,0,92,1.3132,0.43192,4,0.7554,0.8504,1.574,2.0216,687,5.149438666,5.260813,Eddie
8,0,0,0,0,0,0,0,0,0,0,0,0,0,0,0,92,1.3132,0.43192,4,0.7554,0.8504,1.574,2.0216,727,5.15159817,5.263846,Eddie
8,0,0,0,0,0,0,0,0,0,0,0,0,0,0,0,92,1.3132,0.43192,4,0.7554,0.8504,1.574,2.0216,827,5.157161686,5.271352,Eddie
8,0,0,0,0,0,0,0,0,0,0,0,0,0,0,0,92,1.3132,0.43192,4,0.7554,0.8504,1.574,2.0216,727,5.151691508,5.264043,Eddie
8,0,0,0,0,0,0,0,0,0,0,0,0,0,0,0,92,1.3132,0.43192,4,0.7554,0.8504,1.574,2.0216,627,5.146316082,5.256478,Eddie
8,0,0,0,0,0,0,0,0,0,0,0,0,0,0,0,92,1.3132,0.43192,4,0.7554,0.8504,1.574,2.0216,587,5.144191934,5.25332,Eddie
8,0,0,0,0,0,0,0,0,0,0,0,0,0,0,0,92,1.3132,0.43192,4,0.7554,0.8504,1.574,2.0216,567,5.142999752,5.25188,Eddie
8,0,0,0,0,0,0,0,0,0,0,0,0,0,0,0,92,1.3132,0.43192,4,0.7554,0.8504,1.574,2.0216,547,5.141868381,5.25031,Eddie
8,0,0,0,0,0,0,0,0,0,0,0,0,0,0,0,92,1.3132,0.43192,4,0.7554,0.8504,1.574,2.0216,527,5.140845904,5.24871,Eddie
12,0,0,0,0,0,0,0,0,0,0,0,0,0,0,0,88,1.3048,0.43488,4,0.7531,0.8556,1.586,2.0024,287,5.141992832,5.241044,Eddie
12,0,0,0,0,0,0,0,0,0,0,0,0,0,0,0,88,1.3048,0.43488,4,0.7531,0.8556,1.586,2.0024,307,5.143080362,5.242601,Eddie
12,0,0,0,0,0,0,0,0,0,0,0,0,0,0,0,88,1.3048,0.43488,4,0.7531,0.8556,1.586,2.0024,327,5.144070311,5.244063,Eddie
12,0,0,0,0,0,0,0,0,0,0,0,0,0,0,0,88,1.3048,0.43488,4,0.7531,0.8556,1.586,2.0024,377,5.146904395,5.248111,Eddie
12,0,0,0,0,0,0,0,0,0,0,0,0,0,0,0,88,1.3048,0.43488,4,0.7531,0.8556,1.586,2.0024,327,5.143927476,5.243973,Eddie
12,0,0,0,0,0,0,0,0,0,0,0,0,0,0,0,88,1.3048,0.43488,4,0.7531,0.8556,1.586,2.0024,277,5.141332394,5.240324,Eddie
12,0,0,0,0,0,0,0,0,0,0,0,0,0,0,0,88,1.3048,0.43488,4,0.7531,0.8556,1.586,2.0024,227,5.138716099,5.236291,Eddie
12,0,0,0,0,0,0,0,0,0,0,0,0,0,0,0,88,1.3048,0.43488,4,0.7531,0.8556,1.586,2.0024,177,5.136204455,5.232725,Eddie
12,0,0,0,0,0,0,0,0,0,0,0,0,0,0,0,88,1.3048,0.43488,4,0.7531,0.8556,1.586,2.0024,127,5.133694226,5.229439,Eddie
12,0,0,0,0,0,0,0,0,0,0,0,0,0,0,0,88,1.3048,0.43488,4,0.7531,0.8556,1.586,2.0024,107,5.13273539,5.228137,Eddie
12,0,0,0,0,0,0,0,0,0,0,0,0,0,0,0,88,1.3048,0.43488,4,0.7531,0.8556,1.586,2.0024,97,5.132182432,5.227261,Eddie
12,0,0,0,0,0,0,0,0,0,0,0,0,0,0,0,88,1.3048,0.43488,4,0.7531,0.8556,1.586,2.0024,87,5.131622403,5.22652,Eddie
12.5,0,0,0,0,0,0,0,0,0,0,0,0,0,0,0,87.5,1.30375,0.43525,4,0.7528125,0.85625,1.5875,2,287,5.143593721,5.242893,Eddie
12.5,0,0,0,0,0,0,0,0,0,0,0,0,0,0,0,87.5,1.30375,0.43525,4,0.7528125,0.85625,1.5875,2,307,5.144056169,5.244392,Eddie
12.5,0,0,0,0,0,0,0,0,0,0,0,0,0,0,0,87.5,1.30375,0.43525,4,0.7528125,0.85625,1.5875,2,327,5.145265322,5.245298,Eddie
12.5,0,0,0,0,0,0,0,0,0,0,0,0,0,0,0,87.5,1.30375,0.43525,4,0.7528125,0.85625,1.5875,2,347,5.146596097,5.247479,Eddie
12.5,0,0,0,0,0,0,0,0,0,0,0,0,0,0,0,87.5,1.30375,0.43525,4,0.7528125,0.85625,1.5875,2,377,5.14846993,5.24991,Eddie
12.5,0,0,0,0,0,0,0,0,0,0,0,0,0,0,0,87.5,1.30375,0.43525,4,0.7528125,0.85625,1.5875,2,327,5.144964094,5.245149,Eddie
12.5,0,0,0,0,0,0,0,0,0,0,0,0,0,0,0,87.5,1.30375,0.43525,4,0.7528125,0.85625,1.5875,2,277,5.14277772,5.241541,Eddie
12.5,0,0,0,0,0,0,0,0,0,0,0,0,0,0,0,87.5,1.30375,0.43525,4,0.7528125,0.85625,1.5875,2,227,5.139902624,5.237653,Eddie
12.5,0,0,0,0,0,0,0,0,0,0,0,0,0,0,0,87.5,1.30375,0.43525,4,0.7528125,0.85625,1.5875,2,177,5.136965302,5.233069,Eddie
12.5,0,0,0,0,0,0,0,0,0,0,0,0,0,0,0,87.5,1.30375,0.43525,4,0.7528125,0.85625,1.5875,2,127,5.134163745,5.229186,Eddie
12.5,0,0,0,0,0,0,0,0,0,0,0,0,0,0,0,87.5,1.30375,0.43525,4,0.7528125,0.85625,1.5875,2,77,5.132214959,5.22643,Eddie
13,0,0,0,0,0,0,0,0,0,0,0,0,0,0,0,87,1.3027,0.43562,4,0.752525,0.8569,1.589,1.9976,25,5.130587199,5.225203,Eddie
13,0,0,0,0,0,0,0,0,0,0,0,0,0,0,0,87,1.3027,0.43562,4,0.752525,0.8569,1.589,1.9976,7,5.129761298,5.224224,Eddie
13,0,0,0,0,0,0,0,0,0,0,0,0,0,0,0,87,1.3027,0.43562,4,0.752525,0.8569,1.589,1.9976,227,5.141991417,5.239876,Eddie
13,0,0,0,0,0,0,0,0,0,0,0,0,0,0,0,87,1.3027,0.43562,4,0.752525,0.8569,1.589,1.9976,247,5.143028036,5.241223,Eddie
13,0,0,0,0,0,0,0,0,0,0,0,0,0,0,0,87,1.3027,0.43562,4,0.752525,0.8569,1.589,1.9976,267,5.143770498,5.242306,Eddie
13,0,0,0,0,0,0,0,0,0,0,0,0,0,0,0,87,1.3027,0.43562,4,0.752525,0.8569,1.589,1.9976,287,5.145012178,5.243834,Eddie
13,0,0,0,0,0,0,0,0,0,0,0,0,0,0,0,87,1.3027,0.43562,4,0.752525,0.8569,1.589,1.9976,307,5.145815451,5.245432,Eddie
13,0,0,0,0,0,0,0,0,0,0,0,0,0,0,0,87,1.3027,0.43562,4,0.752525,0.8569,1.589,1.9976,327,5.146712062,5.246733,Eddie
13,0,0,0,0,0,0,0,0,0,0,0,0,0,0,0,87,1.3027,0.43562,4,0.752525,0.8569,1.589,1.9976,347,5.147868889,5.24834,Eddie
13,0,0,0,0,0,0,0,0,0,0,0,0,0,0,0,87,1.3027,0.43562,4,0.752525,0.8569,1.589,1.9976,377,5.148997431,5.25017,Eddie
13,0,0,0,0,0,0,0,0,0,0,0,0,0,0,0,87,1.3027,0.43562,4,0.752525,0.8569,1.589,1.9976,327,5.146787016,5.246799,Eddie
13,0,0,0,0,0,0,0,0,0,0,0,0,0,0,0,87,1.3027,0.43562,4,0.752525,0.8569,1.589,1.9976,277,5.144199005,5.243062,Eddie
13,0,0,0,0,0,0,0,0,0,0,0,0,0,0,0,87,1.3027,0.43562,4,0.752525,0.8569,1.589,1.9976,227,5.141234813,5.239174,Eddie
13,0,0,0,0,0,0,0,0,0,0,0,0,0,0,0,87,1.3027,0.43562,4,0.752525,0.8569,1.589,1.9976,177,5.138289006,5.235251,Eddie
13,0,0,0,0,0,0,0,0,0,0,0,0,0,0,0,87,1.3027,0.43562,4,0.752525,0.8569,1.589,1.9976,127,5.135712309,5.231326,Eddie
13,0,0,0,0,0,0,0,0,0,0,0,0,0,0,0,87,1.3027,0.43562,4,0.752525,0.8569,1.589,1.9976,77,5.133220465,5.22772,Eddie
13,0,0,0,0,0,0,0,0,0,0,0,0,0,0,0,87,1.3027,0.43562,4,0.752525,0.8569,1.589,1.9976,25,5.130625383,5.224254,Eddie
13.5,0,0,0,0,0,0,0,0,0,0,0,0,0,0,0,86.5,1.30165,0.43599,4,0.7522375,0.85755,1.5905,1.9952,25,5.131974543,5.22709,Eddie
13.5,0,0,0,0,0,0,0,0,0,0,0,0,0,0,0,86.5,1.30165,0.43599,4,0.7522375,0.85755,1.5905,1.9952,-3,5.130686194,5.225209,Eddie
13.5,0,0,0,0,0,0,0,0,0,0,0,0,0,0,0,86.5,1.30165,0.43599,4,0.7522375,0.85755,1.5905,1.9952,-23,5.129829181,5.223876,Eddie
13.5,0,0,0,0,0,0,0,0,0,0,0,0,0,0,0,86.5,1.30165,0.43599,4,0.7522375,0.85755,1.5905,1.9952,-43,5.12911076,5.223065,Eddie
13.5,0,0,0,0,0,0,0,0,0,0,0,0,0,0,0,86.5,1.30165,0.43599,4,0.7522375,0.85755,1.5905,1.9952,-53,5.128823675,5.222402,Eddie
13.5,0,0,0,0,0,0,0,0,0,0,0,0,0,0,0,86.5,1.30165,0.43599,4,0.7522375,0.85755,1.5905,1.9952,-63,5.12855356,5.221722,Eddie
13.5,0,0,0,0,0,0,0,0,0,0,0,0,0,0,0,86.5,1.30165,0.43599,4,0.7522375,0.85755,1.5905,1.9952,-73,5.128219806,5.221538,Eddie
13.5,0,0,0,0,0,0,0,0,0,0,0,0,0,0,0,86.5,1.30165,0.43599,4,0.7522375,0.85755,1.5905,1.9952,-83,5.128017573,5.221309,Eddie
13.5,0,0,0,0,0,0,0,0,0,0,0,0,0,0,0,86.5,1.30165,0.43599,4,0.7522375,0.85755,1.5905,1.9952,-93,5.127618765,5.220778,Eddie
13.5,0,0,0,0,0,0,0,0,0,0,0,0,0,0,0,86.5,1.30165,0.43599,4,0.7522375,0.85755,1.5905,1.9952,-103,5.127453302,5.220398,Eddie
13.5,0,0,0,0,0,0,0,0,0,0,0,0,0,0,0,86.5,1.30165,0.43599,4,0.7522375,0.85755,1.5905,1.9952,-113,5.127074293,5.219926,Eddie
13.5,0,0,0,0,0,0,0,0,0,0,0,0,0,0,0,86.5,1.30165,0.43599,4,0.7522375,0.85755,1.5905,1.9952,-123,5.126662757,5.219416,Eddie
13.5,0,0,0,0,0,0,0,0,0,0,0,0,0,0,0,86.5,1.30165,0.43599,4,0.7522375,0.85755,1.5905,1.9952,-133,5.126409612,5.219062,Eddie
13.5,0,0,0,0,0,0,0,0,0,0,0,0,0,0,0,86.5,1.30165,0.43599,4,0.7522375,0.85755,1.5905,1.9952,-143,5.126336073,5.218652,Eddie
13.5,0,0,0,0,0,0,0,0,0,0,0,0,0,0,0,86.5,1.30165,0.43599,4,0.7522375,0.85755,1.5905,1.9952,77,5.134508813,5.2297,Eddie
13.5,0,0,0,0,0,0,0,0,0,0,0,0,0,0,0,86.5,1.30165,0.43599,4,0.7522375,0.85755,1.5905,1.9952,87,5.134889237,5.23033,Eddie
13.5,0,0,0,0,0,0,0,0,0,0,0,0,0,0,0,86.5,1.30165,0.43599,4,0.7522375,0.85755,1.5905,1.9952,97,5.135163594,5.230986,Eddie
13.5,0,0,0,0,0,0,0,0,0,0,0,0,0,0,0,86.5,1.30165,0.43599,4,0.7522375,0.85755,1.5905,1.9952,107,5.136337392,5.232336,Eddie
13.5,0,0,0,0,0,0,0,0,0,0,0,0,0,0,0,86.5,1.30165,0.43599,4,0.7522375,0.85755,1.5905,1.9952,117,5.136751756,5.232615,Eddie
13.5,0,0,0,0,0,0,0,0,0,0,0,0,0,0,0,86.5,1.30165,0.43599,4,0.7522375,0.85755,1.5905,1.9952,127,5.137071368,5.233676,Eddie
13.5,0,0,0,0,0,0,0,0,0,0,0,0,0,0,0,86.5,1.30165,0.43599,4,0.7522375,0.85755,1.5905,1.9952,137,5.137878884,5.234386,Eddie
13.5,0,0,0,0,0,0,0,0,0,0,0,0,0,0,0,86.5,1.30165,0.43599,4,0.7522375,0.85755,1.5905,1.9952,147,5.138161727,5.23489,Eddie
13.5,0,0,0,0,0,0,0,0,0,0,0,0,0,0,0,86.5,1.30165,0.43599,4,0.7522375,0.85755,1.5905,1.9952,167,5.139286027,5.236458,Eddie
13.5,0,0,0,0,0,0,0,0,0,0,0,0,0,0,0,86.5,1.30165,0.43599,4,0.7522375,0.85755,1.5905,1.9952,187,5.140773779,5.239092,Eddie
13.5,0,0,0,0,0,0,0,0,0,0,0,0,0,0,0,86.5,1.30165,0.43599,4,0.7522375,0.85755,1.5905,1.9952,207,5.141254612,5.240093,Eddie
13.5,0,0,0,0,0,0,0,0,0,0,0,0,0,0,0,86.5,1.30165,0.43599,4,0.7522375,0.85755,1.5905,1.9952,227,5.142521747,5.241487,Eddie
13.5,0,0,0,0,0,0,0,0,0,0,0,0,0,0,0,86.5,1.30165,0.43599,4,0.7522375,0.85755,1.5905,1.9952,247,5.143517354,5.242694,Eddie
13.5,0,0,0,0,0,0,0,0,0,0,0,0,0,0,0,86.5,1.30165,0.43599,4,0.7522375,0.85755,1.5905,1.9952,267,5.144505889,5.244768,Eddie
13.5,0,0,0,0,0,0,0,0,0,0,0,0,0,0,0,86.5,1.30165,0.43599,4,0.7522375,0.85755,1.5905,1.9952,287,5.145532608,5.245924,Eddie
13.5,0,0,0,0,0,0,0,0,0,0,0,0,0,0,0,86.5,1.30165,0.43599,4,0.7522375,0.85755,1.5905,1.9952,307,5.147014704,5.247723,Eddie
13.5,0,0,0,0,0,0,0,0,0,0,0,0,0,0,0,86.5,1.30165,0.43599,4,0.7522375,0.85755,1.5905,1.9952,327,5.148018796,5.248819,Eddie
13.5,0,0,0,0,0,0,0,0,0,0,0,0,0,0,0,86.5,1.30165,0.43599,4,0.7522375,0.85755,1.5905,1.9952,347,5.149155823,5.250885,Eddie
13.5,0,0,0,0,0,0,0,0,0,0,0,0,0,0,0,86.5,1.30165,0.43599,4,0.7522375,0.85755,1.5905,1.9952,377,5.151369067,5.253517,Eddie
13.5,0,0,0,0,0,0,0,0,0,0,0,0,0,0,0,86.5,1.30165,0.43599,4,0.7522375,0.85755,1.5905,1.9952,327,5.148059808,5.249384,Eddie
13.5,0,0,0,0,0,0,0,0,0,0,0,0,0,0,0,86.5,1.30165,0.43599,4,0.7522375,0.85755,1.5905,1.9952,277,5.145245523,5.245158,Eddie
13.5,0,0,0,0,0,0,0,0,0,0,0,0,0,0,0,86.5,1.30165,0.43599,4,0.7522375,0.85755,1.5905,1.9952,227,5.142200721,5.241365,Eddie
13.5,0,0,0,0,0,0,0,0,0,0,0,0,0,0,0,86.5,1.30165,0.43599,4,0.7522375,0.85755,1.5905,1.9952,177,5.139482602,5.23742,Eddie
13.5,0,0,0,0,0,0,0,0,0,0,0,0,0,0,0,86.5,1.30165,0.43599,4,0.7522375,0.85755,1.5905,1.9952,127,5.136965302,5.233445,Eddie
13.5,0,0,0,0,0,0,0,0,0,0,0,0,0,0,0,86.5,1.30165,0.43599,4,0.7522375,0.85755,1.5905,1.9952,77,5.134477701,5.229844,Eddie
13.5,0,0,0,0,0,0,0,0,0,0,0,0,0,0,0,86.5,1.30165,0.43599,4,0.7522375,0.85755,1.5905,1.9952,25,5.131991513,5.226663,Eddie
14,0,0,0,0,0,0,0,0,0,0,0,0,0,0,0,86,1.3006,0.43636,4,0.75195,0.8582,1.592,1.9928,25,5.133702712,5.228205,Eddie
14,0,0,0,0,0,0,0,0,0,0,0,0,0,0,0,86,1.3006,0.43636,4,0.75195,0.8582,1.592,1.9928,-3,5.132400221,5.226471,Eddie
14,0,0,0,0,0,0,0,0,0,0,0,0,0,0,0,86,1.3006,0.43636,4,0.75195,0.8582,1.592,1.9928,-23,5.131432899,5.225042,Eddie
14,0,0,0,0,0,0,0,0,0,0,0,0,0,0,0,86,1.3006,0.43636,4,0.75195,0.8582,1.592,1.9928,-43,5.130707407,5.223985,Eddie
14,0,0,0,0,0,0,0,0,0,0,0,0,0,0,0,86,1.3006,0.43636,4,0.75195,0.8582,1.592,1.9928,-53,5.130143136,5.223215,Eddie
14,0,0,0,0,0,0,0,0,0,0,0,0,0,0,0,86,1.3006,0.43636,4,0.75195,0.8582,1.592,1.9928,-63,5.129747156,5.222559,Eddie
14,0,0,0,0,0,0,0,0,0,0,0,0,0,0,0,86,1.3006,0.43636,4,0.75195,0.8582,1.592,1.9928,-73,5.129270566,5.222119,Eddie
14,0,0,0,0,0,0,0,0,0,0,0,0,0,0,0,86,1.3006,0.43636,4,0.75195,0.8582,1.592,1.9928,-83,5.128989138,5.221768,Eddie
14,0,0,0,0,0,0,0,0,0,0,0,0,0,0,0,86,1.3006,0.43636,4,0.75195,0.8582,1.592,1.9928,-93,5.128666697,5.221109,Eddie
14,0,0,0,0,0,0,0,0,0,0,0,0,0,0,0,86,1.3006,0.43636,4,0.75195,0.8582,1.592,1.9928,-103,5.128314558,5.220592,Eddie
14,0,0,0,0,0,0,0,0,0,0,0,0,0,0,0,86,1.3006,0.43636,4,0.75195,0.8582,1.592,1.9928,-113,5.128052928,5.22015,Eddie
14,0,0,0,0,0,0,0,0,0,0,0,0,0,0,0,86,1.3006,0.43636,4,0.75195,0.8582,1.592,1.9928,-123,5.127812512,5.219727,Eddie
14,0,0,0,0,0,0,0,0,0,0,0,0,0,0,0,86,1.3006,0.43636,4,0.75195,0.8582,1.592,1.9928,-133,5.127491486,5.219575,Eddie
14,0,0,0,0,0,0,0,0,0,0,0,0,0,0,0,86,1.3006,0.43636,4,0.75195,0.8582,1.592,1.9928,-143,5.127342993,5.219076,Eddie
14,0,0,0,0,0,0,0,0,0,0,0,0,0,0,0,86,1.3006,0.43636,4,0.75195,0.8582,1.592,1.9928,-153,5.127126619,5.218907,Eddie
14,0,0,0,0,0,0,0,0,0,0,0,0,0,0,0,86,1.3006,0.43636,4,0.75195,0.8582,1.592,1.9928,-163,5.12689893,5.218471,Eddie
14,0,0,0,0,0,0,0,0,0,0,0,0,0,0,0,86,1.3006,0.43636,4,0.75195,0.8582,1.592,1.9928,-173,5.126823977,5.218103,Eddie
14,0,0,0,0,0,0,0,0,0,0,0,0,0,0,0,86,1.3006,0.43636,4,0.75195,0.8582,1.592,1.9928,-193,5.126254049,5.217434,Eddie
14,0,0,0,0,0,0,0,0,0,0,0,0,0,0,0,86,1.3006,0.43636,4,0.75195,0.8582,1.592,1.9928,-213,5.126210208,5.217212,Eddie
14,0,0,0,0,0,0,0,0,0,0,0,0,0,0,0,86,1.3006,0.43636,4,0.75195,0.8582,1.592,1.9928,-233,5.12602636,5.2171,Eddie
14,0,0,0,0,0,0,0,0,0,0,0,0,0,0,0,86,1.3006,0.43636,4,0.75195,0.8582,1.592,1.9928,-253,5.125879282,5.216824,Eddie
14,0,0,0,0,0,0,0,0,0,0,0,0,0,0,0,86,1.3006,0.43636,4,0.75195,0.8582,1.592,1.9928,-198,5.126500122,5.217549,Eddie
14,0,0,0,0,0,0,0,0,0,0,0,0,0,0,0,86,1.3006,0.43636,4,0.75195,0.8582,1.592,1.9928,-143,5.127545226,5.219372,Eddie
14,0,0,0,0,0,0,0,0,0,0,0,0,0,0,0,86,1.3006,0.43636,4,0.75195,0.8582,1.592,1.9928,-88,5.129348348,5.22195,Eddie
14,0,0,0,0,0,0,0,0,0,0,0,0,0,0,0,86,1.3006,0.43636,4,0.75195,0.8582,1.592,1.9928,-33,5.131394715,5.224772,Eddie
14,0,0,0,0,0,0,0,0,0,0,0,0,0,0,0,86,1.3006,0.43636,4,0.75195,0.8582,1.592,1.9928,25,5.133711197,5.228225,Eddie
15,0,0,0,0,0,0,0,0,0,0,0,0,0,0,0,85,1.2985,0.4371,4,0.751375,0.8595,1.595,1.988,25,5.137057226,5.229943,Eddie
15,0,0,0,0,0,0,0,0,0,0,0,0,0,0,0,85,1.2985,0.4371,4,0.751375,0.8595,1.595,1.988,-13,5.135621799,5.228151,Eddie
15,0,0,0,0,0,0,0,0,0,0,0,0,0,0,0,85,1.2985,0.4371,4,0.751375,0.8595,1.595,1.988,-43,5.134363149,5.226459,Eddie
15,0,0,0,0,0,0,0,0,0,0,0,0,0,0,0,85,1.2985,0.4371,4,0.751375,0.8595,1.595,1.988,-73,5.133043688,5.224962,Eddie
15,0,0,0,0,0,0,0,0,0,0,0,0,0,0,0,85,1.2985,0.4371,4,0.751375,0.8595,1.595,1.988,-103,5.132350723,5.224615,Eddie
15,0,0,0,0,0,0,0,0,0,0,0,0,0,0,0,85,1.2985,0.4371,4,0.751375,0.8595,1.595,1.988,-133,5.13178221,5.223677,Eddie
15,0,0,0,0,0,0,0,0,0,0,0,0,0,0,0,85,1.2985,0.4371,4,0.751375,0.8595,1.595,1.988,-163,5.131483811,5.223028,Eddie
15,0,0,0,0,0,0,0,0,0,0,0,0,0,0,0,85,1.2985,0.4371,4,0.751375,0.8595,1.595,1.988,-193,5.131056718,5.222407,Eddie
15,0,0,0,0,0,0,0,0,0,0,0,0,0,0,0,85,1.2985,0.4371,4,0.751375,0.8595,1.595,1.988,-223,5.130854486,5.221905,Eddie
15,0,0,0,0,0,0,0,0,0,0,0,0,0,0,0,85,1.2985,0.4371,4,0.751375,0.8595,1.595,1.988,-253,5.13054053,5.22141,Eddie
15,0,0,0,0,0,0,0,0,0,0,0,0,0,0,0,85,1.2985,0.4371,4,0.751375,0.8595,1.595,1.988,25,5.137332998,5.230083,Eddie
0,0,0,0,0,6.5,0,0,0,0,0,0,0,0,0,0,93.5,1.32285,0.418265,3.935,0.7535,0.851635,1.56625,2.0639,22,5.098946999,5.1797,Howard1988
0,0,0,0,0,4.02501784,0,0,0,0,0,0,0,0,0,0,95.97498216,1.32557248,0.421210229,3.959749822,0.755974982,0.847204782,1.560062545,2.062415011,25,5.096613054,5.181086348,Scott1975
0,0,0,0,0,4.028620245,0,0,0,0,0,0,0,0,0,0,95.97137976,1.325568518,0.421205942,3.959713798,0.75597138,0.84721123,1.560071551,2.062417172,25,5.096613054,5.178080913,Scott1975
0,0,0,0,0,6.031299747,0,0,0,0,0,0,0,0,0,0,93.96870025,1.32336557,0.418822753,3.939687003,0.7539687,0.850796027,1.565078249,2.06361878,25,5.099779053,5.175536587,Scott1975
0,0,0,0,0,7.008580584,0,0,0,0,0,0,0,0,0,0,92.99141942,1.322290561,0.417659789,3.929914194,0.752991419,0.852545359,1.567521451,2.064205148,25,5.107070319,5.167199594,Scott1975
0,0,0,0,0,8.00577757,0,0,0,0,0,0,0,0,0,0,91.99422243,1.321193645,0.416473125,3.919942224,0.751994222,0.854330342,1.570014444,2.064803467,25,5.106251029,5.171785969,Scott1975
0,0,0,0,0,9.723455426,0,0,0,0,0,0,0,0,0,0,90.27654457,1.319304199,0.414429088,3.902765446,0.750276545,0.857404985,1.574308639,2.065834073,25,5.115407312,5.165309875,Scott1975
0,0,0,0,0,11.31705618,0,0,0,0,0,0,0,0,0,0,88.68294382,1.317551238,0.412532703,3.886829438,0.748682944,0.860257531,1.57829264,2.066790234,25,5.120043092,5.159727178,Scott1975
0,0,0,0,0,12.01005585,0,0,0,0,0,0,0,0,0,0,87.98994415,1.316788939,0.411708034,3.879899441,0.747989944,0.861498,1.58002514,2.067206034,25,5.122204534,5.157977439,Scott1975
0,0,0,0,0,11.9847361,0,0,0,0,0,0,0,0,0,0,88.0152639,1.31681679,0.411738164,3.880152639,0.748015264,0.861452678,1.57996184,2.067190842,25,5.124308338,5.155568974,Scott1975
0,0,0,0,0,12.96093621,0,0,0,0,0,0,0,0,0,0,87.03906379,1.31574297,0.410576486,3.870390638,0.747039064,0.863200076,1.582402341,2.067776562,25,5.12679091,5.152942307,Scott1975
0,0,0,0,0,0,0,0,0,0,0,0,0,0,0,0,100,1.33,0.426,4,0.76,0.84,1.55,2.06,25,5.085942146,5.187758939,Toraya1989
0,0,0,0,0,3.831011497,0,0,0,0,0,0,0,0,0,0,96.1689885,1.325785887,0.421441096,3.961689885,0.756168989,0.846857511,1.559577529,2.062298607,25,5.099535303,5.18051587,Toraya1989
0,0,0,0,0,4.779981839,0,0,0,0,0,0,0,0,0,0,95.22001816,1.32474202,0.420311822,3.952200182,0.755220018,0.848556167,1.561949955,2.062867989,25,5.100749042,5.177092808,Toraya1989
0,0,0,0,0,5.593134078,0,0,0,0,0,0,0,0,0,0,94.40686592,1.323847553,0.41934417,3.944068659,0.754406866,0.85001171,1.563982835,2.06335588,25,5.102895204,5.175971073,Toraya1989
0,0,0,0,0,5.570673659,0,0,0,0,0,0,0,0,0,0,94.42932634,1.323872259,0.419370898,3.944293263,0.754429326,0.849971506,1.563926684,2.063342404,25,5.103825359,5.175096826,Toraya1989
0,0,0,0,0,5.722987779,0,0,0,0,0,0,0,0,0,0,94.27701222,1.323704713,0.419189645,3.942770122,0.754277012,0.850244148,1.564307469,2.063433793,25,5.104130495,5.173999196,Toraya1989
0,0,0,0,0,7.602347281,0,0,0,0,0,0,0,0,0,0,92.39765272,1.321637418,0.416953207,3.923976527,0.752397653,0.853608202,1.569005868,2.064561408,25,5.110276324,5.170651667,Toraya1989
0,0,0,0,0,11.18917039,0,0,0,0,0,0,0,0,0,0,88.81082961,1.317691913,0.412684887,3.888108296,0.74881083,0.860028615,1.577972926,2.066713502,25,5.12319073,5.159373242,Toraya1989
0,0,0,0,0,10,0,0,0,0,0,0,0,0,0,0,90,1.319,0.4141,3.9,0.75,0.8579,1.575,2.066,25,5.117048933,5.1634,Yashima1994
0,0,0,0,0,12,0,0,0,0,0,0,0,0,0,0,88,1.3168,0.41172,3.88,0.748,0.86148,1.58,2.0672,25,5.123412894,5.1575,Yashima1994
0,0,0,0,0,14,0,0,0,0,0,0,0,0,0,0,86,1.3146,0.40934,3.86,0.746,0.86506,1.585,2.0684,25,5.127655534,5.1514,Yashima1994
0,0,0,0,0,3.921568627,0,0,0,0,0,0,0,0,0,0,96.07843137,1.325686275,0.421333333,3.960784314,0.756078431,0.847019608,1.559803922,2.062352941,25,5.0969,5.1804,Hunter1998
0,0,0,0,0,4,0,0,0,0,0,0,0,0,0,0,96,1.3256,0.42124,3.96,0.756,0.84716,1.56,2.0624,608.3298384,5.125262122,5.217240916,Urabe1988
0,0,0,0,0,4,0,0,0,0,0,0,0,0,0,0,96,1.3256,0.42124,3.96,0.756,0.84716,1.56,2.0624,807.1297222,5.136990139,5.228975385,Urabe1988
0,0,0,0,0,4,0,0,0,0,0,0,0,0,0,0,96,1.3256,0.42124,3.96,0.756,0.84716,1.56,2.0624,1011.601123,5.148019163,5.245583444,Urabe1988
0,0,0,0,0,4,0,0,0,0,0,0,0,0,0,0,96,1.3256,0.42124,3.96,0.756,0.84716,1.56,2.0624,1204.710133,5.156968416,5.255225237,Urabe1988
0,0,0,0,0,6,0,0,0,0,0,0,0,0,0,0,94,1.3234,0.41886,3.94,0.754,0.85074,1.565,2.0636,608.4072652,5.128049489,5.217240916,Urabe1988
0,0,0,0,0,6,0,0,0,0,0,0,0,0,0,0,94,1.3234,0.41886,3.94,0.754,0.85074,1.565,2.0636,807.1877924,5.139080664,5.228975385,Urabe1988
0,0,0,0,0,6,0,0,0,0,0,0,0,0,0,0,94,1.3234,0.41886,3.94,0.754,0.85074,1.565,2.0636,1013.414201,5.150109688,5.242097085,Urabe1988
0,0,0,0,0,6,0,0,0,0,0,0,0,0,0,0,94,1.3234,0.41886,3.94,0.754,0.85074,1.565,2.0636,1204.864987,5.161846308,5.255922078,Urabe1988
0,0,0,0,0,3,0,0,0,0,0,0,0,0,0,0,97,1.3267,0.42243,3.97,0.757,0.84537,1.5575,2.0618,657,5.129042878,5.2258,Eddie
0,0,0,0,0,3,0,0,0,0,0,0,0,0,0,0,97,1.3267,0.42243,3.97,0.757,0.84537,1.5575,2.0618,667,5.129618463,5.226946,Eddie
0,0,0,0,0,3,0,0,0,0,0,0,0,0,0,0,97,1.3267,0.42243,3.97,0.757,0.84537,1.5575,2.0618,687,5.130758319,5.228196,Eddie
0,0,0,0,0,3,0,0,0,0,0,0,0,0,0,0,97,1.3267,0.42243,3.97,0.757,0.84537,1.5575,2.0618,727,5.132777816,5.230747,Eddie
0,0,0,0,0,3,0,0,0,0,0,0,0,0,0,0,97,1.3267,0.42243,3.97,0.757,0.84537,1.5575,2.0618,777,5.135798576,5.23402,Eddie
0,0,0,0,0,3,0,0,0,0,0,0,0,0,0,0,97,1.3267,0.42243,3.97,0.757,0.84537,1.5575,2.0618,827,5.138331433,5.23695,Eddie
0,0,0,0,0,3,0,0,0,0,0,0,0,0,0,0,97,1.3267,0.42243,3.97,0.757,0.84537,1.5575,2.0618,627,5.127317537,5.224172,Eddie
0,0,0,0,0,3,0,0,0,0,0,0,0,0,0,0,97,1.3267,0.42243,3.97,0.757,0.84537,1.5575,2.0618,567,5.12390504,5.22011,Eddie
0,0,0,0,0,3,0,0,0,0,0,0,0,0,0,0,97,1.3267,0.42243,3.97,0.757,0.84537,1.5575,2.0618,547,5.122728414,5.218714,Eddie
0,0,0,0,0,3,0,0,0,0,0,0,0,0,0,0,97,1.3267,0.42243,3.97,0.757,0.84537,1.5575,2.0618,537,5.122230611,5.217815,Eddie
0,0,0,0,0,4,0,0,0,0,0,0,0,0,0,0,96,1.3256,0.42124,3.96,0.756,0.84716,1.56,2.0624,627,5.129079648,5.219074,Eddie
0,0,0,0,0,4,0,0,0,0,0,0,0,0,0,0,96,1.3256,0.42124,3.96,0.756,0.84716,1.56,2.0624,647,5.129933833,5.220362,Eddie
0,0,0,0,0,4,0,0,0,0,0,0,0,0,0,0,96,1.3256,0.42124,3.96,0.756,0.84716,1.56,2.0624,667,5.131186826,5.221827,Eddie
0,0,0,0,0,4,0,0,0,0,0,0,0,0,0,0,96,1.3256,0.42124,3.96,0.756,0.84716,1.56,2.0624,527,5.123229046,5.2126,Eddie
0,0,0,0,0,3.921568627,0,0,0,0,0,0,0,0,0,0,96.07843137,1.325686275,0.421333333,3.960784314,0.756078431,0.847019608,1.559803922,2.062352941,25,5.095193849,5.17953497,Kim1997
0,0.980584428,0,0,0,3.883114336,0,0,0,0,0,0,0,0,0,0,95.13630124,1.327787802,0.417976466,3.961168857,0.756411061,0.84597019,1.558236909,2.059388115,25,5.094704207,5.179665467,Kim1997
0,1.96155355,0,0,0,3.844644959,0,0,0,0,0,0,0,0,0,0,94.19380149,1.329890153,0.414618282,3.96155355,0.756743821,0.844920361,1.556669282,2.056422126,25,5.093748717,5.179950255,Kim1997
0,2.942907593,0,0,0,3.806160487,0,0,0,0,0,0,0,0,0,0,93.25093192,1.331993329,0.41125878,3.961938395,0.757076712,0.84387012,1.55510104,2.053454974,25,5.091707984,5.180235787,Kim1997
0,3.924646782,0,0,0,3.767660911,0,0,0,0,0,0,0,0,0,0,92.30769231,1.334097331,0.407897959,3.962323391,0.757409733,0.842819466,1.553532182,2.050486656,25,5.08982303,5.181296492,Kim1997
0,4.906771344,0,0,0,3.729146222,0,0,0,0,0,0,0,0,0,0,91.36408243,1.336202159,0.404535819,3.962708538,0.757742885,0.8417684,1.551962709,2.047517174,25,5.083287034,5.18421687,Kim1997
0,9.823182711,0,0,0,3.536345776,0,0,0,0,0,0,0,0,0,0,86.64047151,1.346738703,0.387705305,3.964636542,0.759410609,0.836506876,1.54410609,2.032652259,25,5.074015065,5.189054548,Kim1997
0,14.74926254,0,0,0,3.343166175,0,0,0,0,0,0,0,0,0,0,81.90757129,1.357295969,0.370841691,3.966568338,0.761081613,0.831235005,1.536234022,2.017758112,25,5.063349271,5.199627768,Kim1997
0,0,0,0,0,3.921568627,0,0,0,0,0,0,0,0,0,0,96.07843137,1.325686275,0.421333333,3.960784314,0.756078431,0.847019608,1.559803922,2.062352941,25,5.096013072,5.179836868,Jang2004
0,0.980584428,0,0,0,3.883114336,0,0,0,0,0,0,0,0,0,0,95.13630124,1.327787802,0.417976466,3.961168857,0.756411061,0.84597019,1.558236909,2.059388115,25,5.094248366,5.181011419,Jang2004
0,1.96155355,0,0,0,3.844644959,0,0,0,0,0,0,0,0,0,0,94.19380149,1.329890153,0.414618282,3.96155355,0.756743821,0.844920361,1.556669282,2.056422126,25,5.09248366,5.182055465,Jang2004
0,2.942907593,0,0,0,3.806160487,0,0,0,0,0,0,0,0,0,0,93.25093192,1.331993329,0.41125878,3.961938395,0.757076712,0.84387012,1.55510104,2.053454974,25,5.090196078,5.183099511,Jang2004
0,3.924646782,0,0,0,3.767660911,0,0,0,0,0,0,0,0,0,0,92.30769231,1.334097331,0.407897959,3.962323391,0.757409733,0.842819466,1.553532182,2.050486656,25,5.088235294,5.184078303,Jang2004
0,4.906771344,0,0,0,3.729146222,0,0,0,0,0,0,0,0,0,0,91.36408243,1.336202159,0.404535819,3.962708538,0.757742885,0.8417684,1.551962709,2.047517174,25,5.085228758,5.185187602,Jang2004
0,0,0,0,0,3.921568627,0,0,0,0,0,0,0,0,0,0,96.07843137,1.325686275,0.421333333,3.960784314,0.756078431,0.847019608,1.559803922,2.062352941,25,5.0969,5.1804,Hunter1998
3.924646782,0,0,0,0,3.767660911,0,0,0,0,0,0,0,0,0,0,92.30769231,1.317613815,0.424420722,3.962323391,0.753975667,0.851846154,1.571193093,2.043422292,25,5.1093,5.1902,Hunter1998
7.855459544,0,0,0,0,3.61351139,0,0,0,0,0,0,0,0,0,0,88.53102907,1.309528672,0.427512962,3.963864886,0.751869599,0.856680283,1.582600157,2.024461901,25,5.1241,5.2023,Hunter1998
11.79245283,0,0,0,0,3.459119497,0,0,0,0,0,0,0,0,0,0,84.74842767,1.301430818,0.430610063,3.965408805,0.74976022,0.861522013,1.594025157,2.005471698,25,5.1359,5.2117,Hunter1998
15.73564123,0,0,0,0,3.304484658,0,0,0,0,0,0,0,0,0,0,80.95987411,1.29332022,0.433712038,3.966955153,0.747647522,0.866371361,1.605468135,1.986451613,25,5.1479,5.2227,Hunter1998
0,0,0,1.96155355,0,3.844644959,0,0,0,0,0,0,0,0,0,0,94.19380149,1.338128678,0.436607297,3.96155355,0.777340133,0.846293448,1.557650059,2.05034131,25,5.0966,5.1857,Hunter1998
0,0,0,3.924646782,0,3.767660911,0,0,0,0,0,0,0,0,0,0,92.30769231,1.350580848,0.45189325,3.962323391,0.798618524,0.845566719,1.555494505,2.038320251,25,5.0967,5.1912,Hunter1998
0,0,0,5.889281508,0,3.690616411,0,0,0,0,0,0,0,0,0,0,90.42010208,1.363042795,0.467191205,3.963093836,0.819913624,0.844839419,1.55333726,2.026289753,25,5.0958,5.1968,Hunter1998
0,0,0,7.855459544,0,3.61351139,0,0,0,0,0,0,0,0,0,0,88.53102907,1.375514533,0.482501178,3.963864886,0.841225452,0.844111548,1.551178319,2.014249804,25,5.0956,5.2029,Hunter1998
0,0,0,9.823182711,0,3.536345776,0,0,0,0,0,0,0,0,0,0,86.64047151,1.387996071,0.497823183,3.964636542,0.862554028,0.843383104,1.549017682,2.002200393,25,5.0953,5.204,Hunter1998
0,3.924646782,0,0,0,3.767660911,0,0,0,0,0,0,0,0,0,0,92.30769231,1.334097331,0.407897959,3.962323391,0.757409733,0.842819466,1.553532182,2.050486656,25,5.0896,5.1836,Hunter1998
0,7.855459544,0,0,0,3.61351139,0,0,0,0,0,0,0,0,0,0,88.53102907,1.342521603,0.394441477,3.963864886,0.758743126,0.838612726,1.547250589,2.038601728,25,5.081,5.1879,Hunter1998
0,11.79245283,0,0,0,3.459119497,0,0,0,0,0,0,0,0,0,0,84.74842767,1.350959119,0.380963836,3.965408805,0.760078616,0.834399371,1.540959119,2.026698113,25,5.0714,5.1939,Hunter1998
0,15.73564123,0,0,0,3.304484658,0,0,0,0,0,0,0,0,0,0,80.95987411,1.359409913,0.367464988,3.966955153,0.761416208,0.830179386,1.53465775,2.014775767,25,5.0612,5.2014,Hunter1998
0,19.68503937,0,0,0,3.149606299,0,0,0,0,0,0,0,0,0,0,77.16535433,1.367874016,0.353944882,3.968503937,0.762755906,0.825952756,1.528346457,2.002834646,25,5.0557,5.2045,Hunter1998
0,0,0,0,0.980584428,3.883114336,0,0,0,0,0,0,0,0,0,0,95.13630124,1.332396548,0.428968817,3.961168857,0.767491665,0.842538145,1.556766033,2.054387135,25,5.0944,5.1806,Hunter1998
0,0,0,0,1.96155355,3.844644959,0,0,0,0,0,0,0,0,0,0,94.19380149,1.339109455,0.436607297,3.96155355,0.778909376,0.838054923,1.553726952,2.046418203,25,5.093,5.1808,Hunter1998
0,0,0,0,2.942907593,3.806160487,0,0,0,0,0,0,0,0,0,0,93.25093192,1.345824995,0.444248774,3.961938395,0.790331568,0.833569943,1.550686678,2.038446145,25,5.0909,5.1804,Hunter1998
0.980584428,0,0,0,0,3.883114336,0,0,0,0,0,0,0,0,0,0,95.13630124,1.323669347,0.422104726,3.961168857,0.75555305,0.848225534,1.562649539,2.057623063,25,5.100089825,5.182228887,Jang2004
1.96155355,0,0,0,0,3.844644959,0,0,0,0,0,0,0,0,0,0,94.19380149,1.321651628,0.422876422,3.96155355,0.755027462,0.849431934,1.565496273,2.05289133,25,5.10413658,5.185051773,Jang2004
2.942907593,0,0,0,0,3.806160487,0,0,0,0,0,0,0,0,0,0,93.25093192,1.319633118,0.423648421,3.961938395,0.754501668,0.850638807,1.568344124,2.04815774,25,5.107090279,5.187494379,Jang2004
3.924646782,0,0,0,0,3.767660911,0,0,0,0,0,0,0,0,0,0,92.30769231,1.317613815,0.424420722,3.962323391,0.753975667,0.851846154,1.571193093,2.043422292,25,5.110092961,5.189592613,Jang2004
4.906771344,0,0,0,0,3.729146222,0,0,0,0,0,0,0,0,0,0,91.36408243,1.315593719,0.425193327,3.962708538,0.75344946,0.853053974,1.57404318,2.038684985,25,5.113094019,5.191581563,Jang2004
0,0,0,0.980584428,0,3.883114336,0,0,0,0,0,0,0,0,0,0,95.13630124,1.331906256,0.428968817,3.961168857,0.766707197,0.846656599,1.558727201,2.056348304,25,5.095706801,5.18104,Jang2004
0,0,0,1.96155355,0,3.844644959,0,0,0,0,0,0,0,0,0,0,94.19380149,1.338128678,0.436607297,3.96155355,0.777340133,0.846293448,1.557650059,2.05034131,25,5.096291975,5.183094404,Jang2004
0,0,0,2.942907593,0,3.806160487,0,0,0,0,0,0,0,0,0,0,93.25093192,1.344353541,0.444248774,3.961938395,0.787977242,0.845930155,1.556572494,2.04433196,25,5.096103167,5.185106355,Jang2004
0,0,0,3.924646782,0,3.767660911,0,0,0,0,0,0,0,0,0,0,92.30769231,1.350580848,0.45189325,3.962323391,0.798618524,0.845566719,1.555494505,2.038320251,25,5.096004651,5.187601773,Jang2004
0,0,0,4.906771344,0,3.729146222,0,0,0,0,0,0,0,0,0,0,91.36408243,1.356810599,0.459540726,3.962708538,0.809263984,0.84520314,1.554416094,2.032306183,25,5.096025235,5.190027704,Jang2004
0,0,0,0,0,3.921568627,0,0,0,0,0,0,0,0,0,0,96.07843137,1.325686275,0.421333333,3.960784314,0.756078431,0.847019608,1.559803922,2.062352941,25,5.095075427,5.179705027,Kim1995
0,0,0,0,0.980584428,3.883114336,0,0,0,0,0,0,0,0,0,0,95.13630124,1.332396548,0.428968817,3.961168857,0.767491665,0.842538145,1.556766033,2.054387135,25,5.094489059,5.179819025,Kim1995
0,0,0,0,1.96155355,3.844644959,0,0,0,0,0,0,0,0,0,0,94.19380149,1.339109455,0.436607297,3.96155355,0.778909376,0.838054923,1.553726952,2.046418203,25,5.093169773,5.180702092,Kim1995
0,0,0,0,2.942907593,3.806160487,0,0,0,0,0,0,0,0,0,0,93.25093192,1.345824995,0.444248774,3.961938395,0.790331568,0.833569943,1.550686678,2.038446145,25,5.090974511,5.180813948,Kim1995
0,0,0,0,0,3.921568627,0,0,0,0,0,0,0,0,0,0,96.07843137,1.325686275,0.421333333,3.960784314,0.756078431,0.847019608,1.559803922,2.062352941,25,5.095154056,5.179784829,Kim1997
0.980584428,0,0,0,0,3.883114336,0,0,0,0,0,0,0,0,0,0,95.13630124,1.323669347,0.422104726,3.961168857,0.75555305,0.848225534,1.562649539,2.057623063,25,5.101093,5.183009355,Kim1997
1.96155355,0,0,0,0,3.844644959,0,0,0,0,0,0,0,0,0,0,94.19380149,1.321651628,0.422876422,3.96155355,0.755027462,0.849431934,1.565496273,2.05289133,25,5.10323358,5.184607455,Kim1997
2.942907593,0,0,0,0,3.806160487,0,0,0,0,0,0,0,0,0,0,93.25093192,1.319633118,0.423648421,3.961938395,0.754501668,0.850638807,1.568344124,2.04815774,25,5.106820769,5.187291525,Kim1997
3.924646782,0,0,0,0,3.767660911,0,0,0,0,0,0,0,0,0,0,92.30769231,1.317613815,0.424420722,3.962323391,0.753975667,0.851846154,1.571193093,2.043422292,25,5.108781534,5.189432104,Kim1997
4.906771344,0,0,0,0,3.729146222,0,0,0,0,0,0,0,0,0,0,91.36408243,1.315593719,0.425193327,3.962708538,0.75344946,0.853053974,1.57404318,2.038684985,25,5.112731388,5.191573695,Kim1997
7.855459544,0,0,0,0,3.61351139,0,0,0,0,0,0,0,0,0,0,88.53102907,1.309528672,0.427512962,3.963864886,0.751869599,0.856680283,1.582600157,2.024461901,25,5.124578928,5.201794809,Kim1997
11.79245283,0,0,0,0,3.459119497,0,0,0,0,0,0,0,0,0,0,84.74842767,1.301430818,0.430610063,3.965408805,0.74976022,0.861522013,1.594025157,2.005471698,25,5.137302273,5.212890718,Kim1997
15.73564123,0,0,0,0,3.304484658,0,0,0,0,0,0,0,0,0,0,80.95987411,1.29332022,0.433712038,3.966955153,0.747647522,0.866371361,1.605468135,1.986451613,25,5.14948314,5.221092393,Kim1997
19.68503937,0,0,0,0,3.149606299,0,0,0,0,0,0,0,0,0,0,77.16535433,1.28519685,0.436818898,3.968503937,0.745531496,0.871228346,1.616929134,1.967401575,25,5.160759875,5.230198201,Kim1997
0,0,0,0.980584428,0,3.883114336,0,0,0,0,0,0,0,0,0,0,95.13630124,1.331906256,0.428968817,3.961168857,0.766707197,0.846656599,1.558727201,2.056348304,25,5.094764079,5.179754481,Kim1997
0,0,0,1.96155355,0,3.844644959,0,0,0,0,0,0,0,0,0,0,94.19380149,1.338128678,0.436607297,3.96155355,0.777340133,0.846293448,1.557650059,2.05034131,25,5.094915568,5.182438551,Kim1997
0,0,0,2.942907593,0,3.806160487,0,0,0,0,0,0,0,0,0,0,93.25093192,1.344353541,0.444248774,3.961938395,0.787977242,0.845930155,1.556572494,2.04433196,25,5.096152016,5.185844914,Kim1997
0,0,0,3.924646782,0,3.767660911,0,0,0,0,0,0,0,0,0,0,92.30769231,1.350580848,0.45189325,3.962323391,0.798618524,0.845566719,1.555494505,2.038320251,25,5.096303505,5.189070451,Kim1997
0,0,0,4.906771344,0,3.729146222,0,0,0,0,0,0,0,0,0,0,91.36408243,1.356810599,0.459540726,3.962708538,0.809263984,0.84520314,1.554416094,2.032306183,25,5.095371048,5.189765432,Kim1997
0,0,0,5.889281508,0,3.690616411,0,0,0,0,0,0,0,0,0,0,90.42010208,1.363042795,0.467191205,3.963093836,0.819913624,0.844839419,1.55333726,2.026289753,25,5.094075927,5.189555268,Kim1997
0,0,0,6.872177499,0,3.652071471,0,0,0,0,0,0,0,0,0,0,89.47575103,1.36927744,0.474844689,3.963479285,0.830567446,0.844475555,1.552258001,2.02027096,25,5.095494212,5.191877686,Kim1997
0,0,0,7.855459544,0,3.61351139,0,0,0,0,0,0,0,0,0,0,88.53102907,1.375514533,0.482501178,3.963864886,0.841225452,0.844111548,1.551178319,2.014249804,25,5.094742582,5.196911486,Kim1997
9,0,0,0,0,1,0,0,0,0,0,0,0,0,0,0,90,1.31,0.43147,3.99,0.753825,0.85349,1.5795,2.0174,25,5.118309697,5.211855498,Urabe1988
11,0,0,0,0,1,0,0,0,0,0,0,0,0,0,0,88,1.3058,0.43295,3.99,0.752675,0.85609,1.5855,2.0078,25,5.123770203,5.215024289,Urabe1988
13,0,0,0,0,1,0,0,0,0,0,0,0,0,0,0,86,1.3016,0.43443,3.99,0.751525,0.85869,1.5915,1.9982,25,5.131397562,5.220334831,Urabe1988
7,0,0,0,0,2,0,0,0,0,0,0,0,0,0,0,91,1.3131,0.4288,3.98,0.753975,0.85268,1.576,2.0276,25,5.114544935,5.203066291,Urabe1988
9,0,0,0,0,2,0,0,0,0,0,0,0,0,0,0,89,1.3089,0.43028,3.98,0.752825,0.85528,1.582,2.018,25,5.121220445,5.207680451,Urabe1988
3,0,0,0,0,3,0,0,0,0,0,0,0,0,0,0,94,1.3204,0.42465,3.97,0.755275,0.84927,1.5665,2.0474,25,5.102994095,5.189183917,Urabe1988
5,0,0,0,0,3,0,0,0,0,0,0,0,0,0,0,92,1.3162,0.42613,3.97,0.754125,0.85187,1.5725,2.0378,25,5.110885985,5.195616316,Urabe1988
7,0,0,0,0,3,0,0,0,0,0,0,0,0,0,0,90,1.312,0.42761,3.97,0.752975,0.85447,1.5785,2.0282,25,5.117031976,5.200495818,Urabe1988
9,0,0,0,0,3,0,0,0,0,0,0,0,0,0,0,88,1.3078,0.42909,3.97,0.751825,0.85707,1.5845,2.0186,25,5.123549685,5.205110441,Urabe1988
1,0,0,0,0,4,0,0,0,0,0,0,0,0,0,0,95,1.3235,0.42198,3.96,0.755425,0.84846,1.563,2.0576,25,5.098752262,5.182641206,Urabe1988
3,0,0,0,0,4,0,0,0,0,0,0,0,0,0,0,93,1.3193,0.42346,3.96,0.754275,0.85106,1.569,2.048,25,5.105269512,5.187630555,Urabe1988
5,0,0,0,0,4,0,0,0,0,0,0,0,0,0,0,91,1.3151,0.42494,3.96,0.753125,0.85366,1.575,2.0384,25,5.111891199,5.193045843,Urabe1988
5,0,0,0,0,2,0,0,0,0,0,0,0,0,0,0,93,1.3173,0.42732,3.98,0.755125,0.85008,1.57,2.0372,600,5.139121619,5.238847763,Urabe1989
5,0,0,0,0,2,0,0,0,0,0,0,0,0,0,0,93,1.3173,0.42732,3.98,0.755125,0.85008,1.57,2.0372,800,5.150879838,5.252803795,Urabe1990
5,0,0,0,0,2,0,0,0,0,0,0,0,0,0,0,93,1.3173,0.42732,3.98,0.755125,0.85008,1.57,2.0372,1000,5.161814272,5.267859524,Urabe1991
5,0,0,0,0,3,0,0,0,0,0,0,0,0,0,0,92,1.3162,0.42613,3.97,0.754125,0.85187,1.5725,2.0378,450,5.133942588,5.224327632,Urabe1992
5,0,0,0,0,3,0,0,0,0,0,0,0,0,0,0,92,1.3162,0.42613,3.97,0.754125,0.85187,1.5725,2.0378,600,5.142692669,5.235551045,Urabe1993
5,0,0,0,0,3,0,0,0,0,0,0,0,0,0,0,92,1.3162,0.42613,3.97,0.754125,0.85187,1.5725,2.0378,750,5.150893693,5.245674759,Urabe1994
3,0,0,0,0,3,0,0,0,0,0,0,0,0,0,0,94,1.3204,0.42465,3.97,0.755275,0.84927,1.5665,2.0474,550,5.131717461,5.225948678,Urabe1995
3,0,0,0,0,3,0,0,0,0,0,0,0,0,0,0,94,1.3204,0.42465,3.97,0.755275,0.84927,1.5665,2.0474,700,5.140467542,5.236621845,Urabe1996
3,0,0,0,0,3,0,0,0,0,0,0,0,0,0,0,94,1.3204,0.42465,3.97,0.755275,0.84927,1.5665,2.0474,850,5.148118717,5.246746746,Urabe1997
7,0,0,0,0,2,0,0,0,0,0,0,0,0,0,0,91,1.3131,0.4288,3.98,0.753975,0.85268,1.576,2.0276,450,5.137239703,5.232844948,Urabe1998
7,0,0,0,0,2,0,0,0,0,0,0,0,0,0,0,91,1.3131,0.4288,3.98,0.753975,0.85268,1.576,2.0276,600,5.145165604,5.243792842,Urabe1999
7,0,0,0,0,2,0,0,0,0,0,0,0,0,0,0,91,1.3131,0.4288,3.98,0.753975,0.85268,1.576,2.0276,750,5.153640958,5.254466009,Urabe2000
11,0,0,0,0,0,0,0,0,0,0,0,0,0,0,0,89,1.3069,0.43414,4,0.753675,0.8543,1.583,2.0072,25,5.122,5.218,Li1994_II
16,0,0,0,0,0,0,0,0,0,0,0,0,0,0,0,84,1.2964,0.43784,4,0.7508,0.8608,1.598,1.9832,25,5.139,5.231,Li1994_II
25,0,0,0,0,0,0,0,0,0,0,0,0,0,0,0,75,1.2775,0.4445,4,0.745625,0.8725,1.625,1.94,25,5.169,5.253,Li1994_II
0,0,0,0,5,0,0,0,0,0,0,0,0,0,0,0,95,1.364,0.4647,4,0.818,0.8175,1.535,2.0195,25,5.076,5.187,Li1994_II
0,0,0,0,10,0,0,0,0,0,0,0,0,0,0,0,90,1.398,0.5034,4,0.876,0.795,1.52,1.979,25,5.063,5.188,Li1994_II
0,0,0,0,15,0,0,0,0,0,0,0,0,0,0,0,85,1.432,0.5421,4,0.934,0.7725,1.505,1.9385,25,5.042,5.204,Li1994_II
0,0,0,0,0,5.825242718,0,0,0,0,0,0,0,0,0,0,94.17475728,1.323592233,0.419067961,3.941747573,0.754174757,0.850427184,1.564563107,2.063495146,25,5.106,5.1808,Li1994_I
0,0,0,0,0,0,0,0,0,0,0,5.825242718,0,0,0,0,94.17475728,1.322427184,0.43031068,3.941747573,0.75592233,0.852407767,1.564563107,2.075728155,25,5.1079,5.1903,Li1994_I
0,0,0,0,0,9.090909091,0,0,0,0,0,0,0,0,9.090909091,0,81.81818182,1.344545455,0.457636364,4,0.756363636,0.847181818,1.563636364,2.058181818,25,5.105,5.227,Li1994_III
0,0,0,0,0,16.66666667,0,0,0,0,0,0,0,0,16.66666667,0,66.66666667,1.356666667,0.484,4,0.753333333,0.853166667,1.575,2.056666667,25,5.114,5.249,Li1994_III
0,3.921568627,0,0,0,0,0,0,0,0,0,0,0,0,0,0,96.07843137,1.338235294,0.412392157,4,0.761176471,0.836078431,1.544117647,2.048235294,25,5.0961,5.1805,Kim1993
0,3.921568627,0,0,0,0,0,0,0,0,0,0,0,0,0,0,96.07843137,1.338235294,0.412392157,4,0.761176471,0.836078431,1.544117647,2.048235294,300,5.1081,5.1966,Kim1993
0,3.921568627,0,0,0,0,0,0,0,0,0,0,0,0,0,0,96.07843137,1.338235294,0.412392157,4,0.761176471,0.836078431,1.544117647,2.048235294,500,5.1194,5.2107,Kim1993
0,3.921568627,0,0,0,0,0,0,0,0,0,0,0,0,0,0,96.07843137,1.338235294,0.412392157,4,0.761176471,0.836078431,1.544117647,2.048235294,700,5.1299,5.2241,Kim1993
0,3.921568627,0,0,0,0,0,0,0,0,0,0,0,0,0,0,96.07843137,1.338235294,0.412392157,4,0.761176471,0.836078431,1.544117647,2.048235294,900,5.1406,5.2364,Kim1993
0,3.915810083,0,0,0,0,0,0,0,0,0,0,0,0,0.293685756,0,95.79050416,1.339016153,0.413783651,4.002936858,0.761350954,0.835790504,1.543832599,2.048017621,25,5.0957,5.1825,Kim1993
0,3.915810083,0,0,0,0,0,0,0,0,0,0,0,0,0.293685756,0,95.79050416,1.339016153,0.413783651,4.002936858,0.761350954,0.835790504,1.543832599,2.048017621,300,5.1074,5.1977,Kim1993
0,3.915810083,0,0,0,0,0,0,0,0,0,0,0,0,0.293685756,0,95.79050416,1.339016153,0.413783651,4.002936858,0.761350954,0.835790504,1.543832599,2.048017621,500,5.1187,5.2117,Kim1993
0,3.915810083,0,0,0,0,0,0,0,0,0,0,0,0,0.293685756,0,95.79050416,1.339016153,0.413783651,4.002936858,0.761350954,0.835790504,1.543832599,2.048017621,700,5.1301,5.2255,Kim1993
0,3.915810083,0,0,0,0,0,0,0,0,0,0,0,0,0.293685756,0,95.79050416,1.339016153,0.413783651,4.002936858,0.761350954,0.835790504,1.543832599,2.048017621,900,5.1412,5.2385,Kim1993
0,3.910068426,0,0,0,0,0,0,0,0,0,0,0,0,0.586510264,0,95.50342131,1.339794721,0.415171065,4.005865103,0.761524927,0.835503421,1.543548387,2.047800587,25,5.0949,5.1831,Kim1993
0,3.910068426,0,0,0,0,0,0,0,0,0,0,0,0,0.586510264,0,95.50342131,1.339794721,0.415171065,4.005865103,0.761524927,0.835503421,1.543548387,2.047800587,300,5.107,5.1988,Kim1993
0,3.910068426,0,0,0,0,0,0,0,0,0,0,0,0,0.586510264,0,95.50342131,1.339794721,0.415171065,4.005865103,0.761524927,0.835503421,1.543548387,2.047800587,500,5.1191,5.2158,Kim1993
0,3.910068426,0,0,0,0,0,0,0,0,0,0,0,0,0.586510264,0,95.50342131,1.339794721,0.415171065,4.005865103,0.761524927,0.835503421,1.543548387,2.047800587,700,5.1299,5.2277,Kim1993
0,3.910068426,0,0,0,0,0,0,0,0,0,0,0,0,0.586510264,0,95.50342131,1.339794721,0.415171065,4.005865103,0.761524927,0.835503421,1.543548387,2.047800587,900,5.1436,5.2455,Kim1993
0,3.904343582,0,0,0,0,0,0,0,0,0,0,0,0,0.878477306,0,95.21717911,1.34057101,0.416554417,4.008784773,0.761698389,0.835217179,1.543265007,2.047584187,25,5.0942,5.1855,Kim1993
0,3.904343582,0,0,0,0,0,0,0,0,0,0,0,0,0.878477306,0,95.21717911,1.34057101,0.416554417,4.008784773,0.761698389,0.835217179,1.543265007,2.047584187,500,5.1209,5.22,Kim1993
0,3.904343582,0,0,0,0,0,0,0,0,0,0,0,0,0.878477306,0,95.21717911,1.34057101,0.416554417,4.008784773,0.761698389,0.835217179,1.543265007,2.047584187,700,5.1321,5.2339,Kim1993
0,3.904343582,0,0,0,0,0,0,0,0,0,0,0,0,0.878477306,0,95.21717911,1.34057101,0.416554417,4.008784773,0.761698389,0.835217179,1.543265007,2.047584187,900,5.1445,5.2495,Kim1993
0,0,0,0,0,3.891953302,0,0,0,0,0,0,0,0,0,0,96.1080467,1.325718851,0.421368576,3.961080467,0.756108047,0.846966596,1.559729883,2.062335172,25,5.096667525,5.175075283,Yoshimura1990
0,0,0,0,0,4.715947433,0,0,0,0,0,0,0,0,0,0,95.28405257,1.324812458,0.420388023,3.952840526,0.755284053,0.848441546,1.561789869,2.062829568,25,5.097855782,5.173868716,Yoshimura1990
0,0,0,0,0,5.575078739,0,0,0,0,0,0,0,0,0,0,94.42492126,1.323867413,0.419365656,3.944249213,0.754424921,0.849979391,1.563937697,2.063345047,25,5.100909636,5.171674195,Yoshimura1990
0,0,0,0,0,5.676726079,0,0,0,0,0,0,0,0,0,0,94.32327392,1.323755601,0.419244696,3.943232739,0.754323274,0.85016134,1.564191815,2.063406036,25,5.101821784,5.165904024,Yoshimura1990
0,0,0,0,0,6.61703953,0,0,0,0,0,0,0,0,0,0,93.38296047,1.322721257,0.418125723,3.933829605,0.75338296,0.851844501,1.566542599,2.063970224,25,5.101969093,5.168939904,Yoshimura1990
0,0,0,0,0,6.935054783,0,0,0,0,0,0,0,0,0,0,93.06494522,1.32237144,0.417747285,3.930649452,0.753064945,0.852413748,1.567337637,2.064161033,25,5.107077432,5.165931348,Yoshimura1990
0,0,0,0,0,7.590558432,0,0,0,0,0,0,0,0,0,0,92.40944157,1.321650386,0.416967235,3.924094416,0.752409442,0.8535871,1.568976396,2.064554335,25,5.106837151,5.166858915,Yoshimura1990
0,0,0,0,0,8.39123783,0,0,0,0,0,0,0,0,0,0,91.60876217,1.320769638,0.416014427,3.916087622,0.751608762,0.855020316,1.570978095,2.065034743,25,5.109934144,5.158454927,Yoshimura1990
0,0,0,0,0,8.468761839,0,0,0,0,0,0,0,0,0,0,91.53123816,1.320684362,0.415922173,3.915312382,0.751531238,0.855159084,1.571171905,2.065081257,25,5.108053447,5.163448068,Yoshimura1990
0,0,0,0,0,9.126078411,0,0,0,0,0,0,0,0,0,0,90.87392159,1.319961314,0.415139967,3.908739216,0.750873922,0.85633568,1.572815196,2.065475647,25,5.112206187,5.157183036,Yoshimura1990
0,0,0,0,0,9.435662423,0,0,0,0,0,0,0,0,0,0,90.56433758,1.319620771,0.414771562,3.905643376,0.750564338,0.856889836,1.573589156,2.065661397,25,5.11301799,5.160577588,Yoshimura1990
0,0,0,0,0,9.528383904,0,0,0,0,0,0,0,0,0,0,90.4716161,1.319518778,0.414661223,3.904716161,0.750471616,0.857055807,1.57382096,2.06571703,25,5.113908283,5.164954586,Yoshimura1990
0,0,0,0,0,10.29380937,0,0,0,0,0,0,0,0,0,0,89.70619063,1.31867681,0.413750367,3.897061906,0.749706191,0.858425919,1.575734523,2.066176286,25,5.115945235,5.160661701,Yoshimura1990
0,0,0,0,0,10.61927883,0,0,0,0,0,0,0,0,0,0,89.38072117,1.318318793,0.413363058,3.893807212,0.749380721,0.859008509,1.576548197,2.066371567,25,5.120730662,5.15389698,Yoshimura1990
0,0,0,0,0,11.22926505,0,0,0,0,0,0,0,0,0,0,88.77073495,1.317647808,0.412637175,3.887707349,0.748770735,0.860100384,1.578073163,2.066737559,25,5.121050321,5.157588298,Yoshimura1990
0,0,0,0,0,11.98074846,0,0,0,0,0,0,0,0,0,0,88.01925154,1.316821177,0.411742909,3.880192515,0.748019252,0.86144554,1.579951871,2.067188449,25,5.121357059,5.15685382,Yoshimura1990
0,0,0,0,0,11.98216764,0,0,0,0,0,0,0,0,0,0,88.01783236,1.316819616,0.411741221,3.880178324,0.748017832,0.86144808,1.579955419,2.067189301,25,5.12130583,5.153680218,Yoshimura1990
0,0,0,0,0,0,4,0,0,0,0,0,0,0,0,0,96,1.3312,0.41648,3.96,0.7564,0.8412,1.552,2.0512,25,5.085012207,5.165237006,Yoshimura1990
0,0,0,0,0,0,6,0,0,0,0,0,0,0,0,0,94,1.3318,0.41172,3.94,0.7546,0.8418,1.553,2.0468,25,5.085653968,5.156673217,Yoshimura1990
0,0,0,0,0,0,8,0,0,0,0,0,0,0,0,0,92,1.3324,0.40696,3.92,0.7528,0.8424,1.554,2.0424,25,5.083806481,5.146741869,Yoshimura1990
0,0,0,0,0,0,10,0,0,0,0,0,0,0,0,0,90,1.333,0.4022,3.9,0.751,0.843,1.555,2.038,25,5.084198337,5.137556488,Yoshimura1990
0,0,0,0,0,0,12,0,0,0,0,0,0,0,0,0,88,1.3336,0.39744,3.88,0.7492,0.8436,1.556,2.0336,25,5.085336737,5.129864195,Yoshimura1990
0,0,0,0,0,0,0,6,0,0,0,0,0,0,0,0,94,1.3162,0.43044,3.94,0.7531,0.8487,1.562,2.0696,25,5.099707587,5.165379246,Yoshimura1990
0,0,0,0,0,0,0,7,0,0,0,0,0,0,0,0,93,1.3139,0.43118,3.93,0.75195,0.85015,1.564,2.0712,25,5.101707975,5.160414292,Yoshimura1990
0,0,0,0,0,0,0,8,0,0,0,0,0,0,0,0,92,1.3116,0.43192,3.92,0.7508,0.8516,1.566,2.0728,25,5.10445289,5.158681096,Yoshimura1990
0,0,0,0,0,0,0,9.694179205,0,0,0,0,0,0,0,0,90.30582079,1.307703388,0.433173693,3.903058208,0.748851694,0.85405656,1.569388358,2.075510687,25,5.106707216,5.154344073,Yoshimura1990
0,0,0,0,0,0,0,10,0,0,0,0,0,0,0,0,90,1.307,0.4334,3.9,0.7485,0.8545,1.57,2.076,25,5.108576025,5.151610395,Yoshimura1990
0,0,0,0,0,0,0,12,0,0,0,0,0,0,0,0,88,1.3024,0.43488,3.88,0.7462,0.8574,1.574,2.0792,25,5.114565088,5.14304747,Yoshimura1990
0,0,0,0,0,0,0,12.21231697,0,0,0,0,0,0,0,0,87.78768303,1.301911671,0.435037115,3.87787683,0.745955835,0.85770786,1.574424634,2.079539707,25,5.113322192,5.14690543,Yoshimura1990
0,0,0,0,0,0,0,0,4,0,0,0,0,0,0,0,96,1.3264,0.42896,3.96,0.7568,0.84656,1.558,2.068,25,5.095087236,5.171828644,Yoshimura1990
0,0,0,0,0,0,0,0,6,0,0,0,0,0,0,0,94,1.3246,0.43044,3.94,0.7552,0.84984,1.562,2.072,25,5.101200386,5.167369837,Yoshimura1990
0,0,0,0,0,0,0,0,8,0,0,0,0,0,0,0,92,1.3228,0.43192,3.92,0.7536,0.85312,1.566,2.076,25,5.107314401,5.161542896,Yoshimura1990
0,0,0,0,0,0,0,0,10,0,0,0,0,0,0,0,90,1.321,0.4334,3.9,0.752,0.8564,1.57,2.08,25,5.114297607,5.157829769,Yoshimura1990
0,0,0,0,0,0,0,0,12,0,0,0,0,0,0,0,88,1.3192,0.43488,3.88,0.7504,0.85968,1.574,2.084,25,5.122525437,5.148395637,Yoshimura1990
0,0,0,0,0,0,0,0,0,0,0,4,0,0,0,0,96,1.3248,0.42896,3.96,0.7572,0.84852,1.56,2.0708,25,5.097575043,5.184266528,Yoshimura1990
0,0,0,0,0,0,0,0,0,0,0,7,0,0,0,0,93,1.3209,0.43118,3.93,0.7551,0.85491,1.5675,2.0789,25,5.10954366,5.176957159,Yoshimura1990
0,0,0,0,0,0,0,0,0,0,0,9.722300658,0,0,0,0,90.27769934,1.317361009,0.433194502,3.902776993,0.75319439,0.8607085,1.574305752,2.086250212,25,5.123996051,5.173374171,Yoshimura1990
0,0,0,0,0,0,0,0,0,0,0,12,0,0,0,0,88,1.3144,0.43488,3.88,0.7516,0.86556,1.58,2.0924,25,5.133844802,5.168421607,Yoshimura1990
0,0,0,0,0,0,0,0,0,4,0,0,0,0,0,0,96,1.3236,0.42896,3.96,0.7573,0.84956,1.562,2.0728,25,5.101803538,5.18152968,Yoshimura1990
0,0,0,0,0,0,0,0,0,6,0,0,0,0,0,0,94,1.3204,0.43044,3.94,0.75595,0.85434,1.568,2.0792,25,5.111399215,5.180429025,Yoshimura1990
0,0,0,0,0,0,0,0,0,8,0,0,0,0,0,0,92,1.3172,0.43192,3.92,0.7546,0.85912,1.574,2.0856,25,5.120995181,5.178706778,Yoshimura1990
0,0,0,0,0,0,0,0,0,10,0,0,0,0,0,0,90,1.314,0.4334,3.9,0.75325,0.8639,1.58,2.092,25,5.132332121,5.177730211,Yoshimura1990
0,0,0,0,0,0,0,0,0,12,0,0,0,0,0,0,88,1.3108,0.43488,3.88,0.7519,0.86868,1.586,2.0984,25,5.142799007,5.174266989,Yoshimura1990
0,0,0,0,0,0,0,0,0,0,4,0,0,0,0,0,96,1.3224,0.42896,3.96,0.7575,0.85076,1.562,2.06,25,5.103545378,5.188122182,Yoshimura1990
0,0,0,0,0,0,0,0,0,0,6,0,0,0,0,0,94,1.3186,0.43044,3.94,0.75625,0.85614,1.568,2.06,25,5.116499494,5.186897439,Yoshimura1990
0,0,0,0,0,0,0,0,0,0,8,0,0,0,0,0,92,1.3148,0.43192,3.92,0.755,0.86152,1.574,2.06,25,5.128707066,5.186418952,Yoshimura1990
0,0,0,0,0,0,0,0,0,0,10,0,0,0,0,0,90,1.311,0.4334,3.9,0.75375,0.8669,1.58,2.06,25,5.141287767,5.18643768,Yoshimura1990
0,0,0,0,0,0,0,0,0,0,12,0,0,0,0,0,88,1.3072,0.43488,3.88,0.7525,0.87228,1.586,2.06,25,5.153122787,5.18633088,Yoshimura1990
0,0,0,0,0,3.921568627,0,0,0,0,0,0,0,0,0,0,96.07843137,1.325686275,0.421333333,3.960784314,0.756078431,0.847019608,1.559803922,2.062352941,25,5.0971,5.1812,Kim1990
0,0,0,0,0,3.915810083,0,0,0,0,0,0,0,0,0,0.293685756,95.79050416,1.326191875,0.421034753,3.963778757,0.75628977,0.846715614,1.559495839,2.062173275,25,5.0966,5.182,Kim1990
0,0,0,0,0,3.910068426,0,0,0,0,0,0,0,0,0,0.586510264,95.50342131,1.326695992,0.420737048,3.966764418,0.756500489,0.846412512,1.559188661,2.061994135,25,5.0961,5.1851,Kim1990
0,0,0,0,0,3.902439024,0,0,0,0,0,0,0,0,0,0.975609756,95.12195122,1.327365854,0.420341463,3.970731707,0.756780488,0.846009756,1.558780488,2.061756098,25,5.093,5.1854,Kim1990
0,0,0,0,0,5.825242718,0,0,0,0,0,0,0,0,0,0,94.17475728,1.323592233,0.419067961,3.941747573,0.754174757,0.850427184,1.564563107,2.063495146,25,5.0984,5.1792,Kim1990
0,0,0,0,0,5.797101449,0,0,0,0,0,0,0,0,0,0.966183575,93.23671498,1.3252657,0.418096618,3.951690821,0.754879227,0.849410628,1.56352657,2.062898551,25,5.1024,5.1849,Kim1990
0,0,0,0,0,5.769230769,0,0,0,0,0,0,0,0,0,1.923076923,92.30769231,1.326923077,0.417134615,3.961538462,0.755576923,0.848403846,1.5625,2.062307692,25,5.0984,5.1924,Kim1990
0,0,0,0,0,5.741626794,0,0,0,0,0,0,0,0,0,2.870813397,91.38755981,1.328564593,0.416181818,3.971291866,0.756267943,0.847406699,1.561483254,2.061722488,25,5.0989,5.1949,Kim1990
0,0,0,0,0,5.797101449,0,0,0,0,0,0,0,0,0.966183575,0,93.23671498,1.326231884,0.423613527,3.951690821,0.754782609,0.849410628,1.56352657,2.062705314,25,5.0962,5.1857,Kim1990
0,0,0,0,0,5.769230769,0,0,0,0,0,0,0,0,1.923076923,0,92.30769231,1.328846154,0.428115385,3.961538462,0.755384615,0.848403846,1.5625,2.061923077,25,5.0968,5.1903,Kim1990
0,0,0,0,0,5.741626794,0,0,0,0,0,0,0,0,2.870813397,0,91.38755981,1.331435407,0.432574163,3.971291866,0.755980861,0.847406699,1.561483254,2.061148325,25,5.0967,5.195,Kim1990
0,0,0.490196078,0,0,3.921568627,0,0,0,0,0,0,0,0,0,0,95.58823529,1.325539216,0.419245098,3.960784314,0.756151961,0.846970588,1.559803922,2.06245098,25,5.0957,5.181,Kim1990
0,0,0.980392157,0,0,3.921568627,0,0,0,0,0,0,0,0,0,0,95.09803922,1.325392157,0.417156863,3.960784314,0.75622549,0.846921569,1.559803922,2.06254902,25,5.096,5.1809,Kim1990
0,0,1.470588235,0,0,3.921568627,0,0,0,0,0,0,0,0,0,0,94.60784314,1.325245098,0.415068627,3.960784314,0.75629902,0.846872549,1.559803922,2.062647059,25,5.0951,5.1813,Kim1990
0,0,0,0,0,12.28070175,0,0,0,0,0,0,0,0,0,12.28070175,75.43859649,1.337368421,0.398614035,4,0.756315789,0.849701754,1.568421053,2.06,25,5.10630091,5.2323,Kim1992
0,0,0,0,0,13.04347826,0,0,0,0,0,0,0,0,0,13.04347826,73.91304348,1.337826087,0.396913043,4,0.756086957,0.850304348,1.569565217,2.06,25,5.109412179,5.2372,Kim1992
0,0,0,0,0,13.79310345,0,0,0,0,0,0,0,0,0,13.79310345,72.4137931,1.338275862,0.395241379,4,0.755862069,0.850896552,1.570689655,2.06,25,5.108280809,5.2345,Kim1992
0,0,0,0,0,15.25423729,0,0,0,0,0,0,0,0,0,15.25423729,69.49152542,1.339152542,0.391983051,4,0.755423729,0.852050847,1.572881356,2.06,25,5.114079084,5.2452,Kim1992
0,0,0,0,0,16.66666667,0,0,0,0,0,0,0,0,0,16.66666667,66.66666667,1.34,0.388833333,4,0.755,0.853166667,1.575,2.06,25,5.116200405,5.2513,Kim1992
0,0,0,0,0,22.55,0,0,0,0,0,0,0,0,0,22.55,54.9,1.34353,0.3757135,4,0.753235,0.8578145,1.583825,2.06,33.0259743,5.119643731,5.268121421,Gurak2018
0,0,0,0,0,22.55,0,0,0,0,0,0,0,0,0,22.55,54.9,1.34353,0.3757135,4,0.753235,0.8578145,1.583825,2.06,89.54053989,5.121807699,5.271782775,Gurak2018
0,0,0,0,0,22.55,0,0,0,0,0,0,0,0,0,22.55,54.9,1.34353,0.3757135,4,0.753235,0.8578145,1.583825,2.06,136.20147,5.124534869,5.274957194,Gurak2018
0,0,0,0,0,22.55,0,0,0,0,0,0,0,0,0,22.55,54.9,1.34353,0.3757135,4,0.753235,0.8578145,1.583825,2.06,195.6751742,5.126699227,5.278921675,Gurak2018
0,0,0,0,0,22.55,0,0,0,0,0,0,0,0,0,22.55,54.9,1.34353,0.3757135,4,0.753235,0.8578145,1.583825,2.06,276.6288454,5.130280401,5.28382083,Gurak2018
0,0,0,0,0,22.55,0,0,0,0,0,0,0,0,0,22.55,54.9,1.34353,0.3757135,4,0.753235,0.8578145,1.583825,2.06,358.7699148,5.133950197,5.28887262,Gurak2018
0,0,0,0,0,22.55,0,0,0,0,0,0,0,0,0,22.55,54.9,1.34353,0.3757135,4,0.753235,0.8578145,1.583825,2.06,452.7251015,5.138352873,5.294572939,Gurak2018
0,0,0,0,0,22.55,0,0,0,0,0,0,0,0,0,22.55,54.9,1.34353,0.3757135,4,0.753235,0.8578145,1.583825,2.06,535.8555195,5.142391687,5.300537953,Gurak2018
0,0,0,0,0,22.55,0,0,0,0,0,0,0,0,0,22.55,54.9,1.34353,0.3757135,4,0.753235,0.8578145,1.583825,2.06,627.8695333,5.146166748,5.305763719,Gurak2018
0,0,0,0,0,22.55,0,0,0,0,0,0,0,0,0,22.55,54.9,1.34353,0.3757135,4,0.753235,0.8578145,1.583825,2.06,717.4455547,5.150525374,5.311902346,Gurak2018
0,0,0,0,0,22.55,0,0,0,0,0,0,0,0,0,22.55,54.9,1.34353,0.3757135,4,0.753235,0.8578145,1.583825,2.06,805.9143071,5.154731842,5.318782175,Gurak2018
0,0,0,0,0,22.55,0,0,0,0,0,0,0,0,0,22.55,54.9,1.34353,0.3757135,4,0.753235,0.8578145,1.583825,2.06,898.4978853,5.159819811,5.324675417,Gurak2018
0,0,0,0,0,22.55,0,0,0,0,0,0,0,0,0,22.55,54.9,1.34353,0.3757135,4,0.753235,0.8578145,1.583825,2.06,995.2665332,5.164360082,5.331494079,Gurak2018
0,0,0,0,0,22.55,0,0,0,0,0,0,0,0,0,22.55,54.9,1.34353,0.3757135,4,0.753235,0.8578145,1.583825,2.06,1313.409476,5.181348898,5.354301843,Gurak2018
0,0,0,0,0,22.55,0,0,0,0,0,0,0,0,0,22.55,54.9,1.34353,0.3757135,4,0.753235,0.8578145,1.583825,2.06,1423.138162,5.187181119,5.360305554,Gurak2018
0,0,0,0,0,22.55,0,0,0,0,0,0,0,0,0,22.55,54.9,1.34353,0.3757135,4,0.753235,0.8578145,1.583825,2.06,1532.251287,5.192856518,5.365349479,Gurak2018
0,0,0,0,0,22.55,0,0,0,0,0,0,0,0,0,22.55,54.9,1.34353,0.3757135,4,0.753235,0.8578145,1.583825,2.06,1665.842633,5.200786691,5.373654335,Gurak2018
0,0,0,0,0,0,0,0,0,0,0,0,0,5.887600357,0,0,94.11239964,1.356494202,0.418581624,3.941123996,0.809455843,0.84471008,1.55,2.030561998,25,5.086661839,5.179908129,Sheu1992
0,0,0,0,0,0,0,0,0,0,0,0,0,7.671721677,0,0,92.32827832,1.364522748,0.416333631,3.923282783,0.824442462,0.846137377,1.55,2.021641392,25,5.086673193,5.176543323,Sheu1992
0,0,0,0,0,0,0,0,0,0,0,0,0,14.73684211,0,0,85.26315789,1.396315789,0.407431579,3.852631579,0.883789474,0.851789474,1.55,1.986315789,25,5.103861928,5.150355434,Sheu1992
0,0,0,0,0,0,0,0,0,0,0,0,0,18.05530776,0,0,81.94469224,1.411248885,0.403250312,3.819446922,0.911664585,0.854444246,1.55,1.969723461,25,5.109338021,5.141026333,Sheu1992
0,0,0,0,0,0,6.168888889,0,0,0,0,0,0,0,0,0,93.83111111,1.331850667,0.411318044,3.938311111,0.754448,0.841850667,1.553084444,2.046428444,25,5.089418307,5.162475072,Sheu1992
0,0,0,0,0,0,12.16,0,0,0,0,0,0,0,0,0,87.84,1.333648,0.3970592,3.8784,0.749056,0.843648,1.55608,2.033248,25,5.083239378,5.133498446,Sheu1992
0,0,0,0,0,0,13.93777778,0,0,0,0,0,0,0,0,0,86.06222222,1.334181333,0.392828089,3.860622222,0.747456,0.844181333,1.556968889,2.029336889,25,5.084028094,5.119520322,Sheu1992
0,0,0,0,0,0,0,4.302222222,0,0,0,0,0,0,0,0,95.69777778,1.320104889,0.429183644,3.956977778,0.755052444,0.846238222,1.558604444,2.066883556,25,5.089147035,5.171530455,Sheu1992
0,0,0,0,0,0,0,5.848888889,0,0,0,0,0,0,0,0,94.15111111,1.316547556,0.430328178,3.941511111,0.753273778,0.848480889,1.561697778,2.069358222,25,5.095115486,5.164545769,Sheu1992
0,0,0,0,0,0,0,13.03111111,0,0,0,0,0,0,0,0,86.96888889,1.300028444,0.435643022,3.869688889,0.745014222,0.858895111,1.576062222,2.080849778,25,5.117960161,5.148270812,Sheu1992
0,0,0,0,0,0,0,0,3.921568627,0,0,0,0,0,0,0,96.07843137,1.326470588,0.428901961,3.960784314,0.756862745,0.846431373,1.557843137,2.067843137,25,5.095646544,5.173802479,Khor1997
0,0,0,0,0,0,0,0,5.825242718,0,0,0,0,0,0,0,94.17475728,1.324757282,0.43031068,3.941747573,0.755339806,0.849553398,1.561650485,2.071650485,25,5.09877221,5.167971844,Khor1997
0,0,0,0,0,0,0,0,7.692307692,0,0,0,0,0,0,0,92.30769231,1.323076923,0.431692308,3.923076923,0.753846154,0.852615385,1.565384615,2.075384615,25,5.101594746,5.1629177,Khor1997
0,0,0,0,0,0,0,0,9.523809524,0,0,0,0,0,0,0,90.47619048,1.321428571,0.433047619,3.904761905,0.752380952,0.855619048,1.569047619,2.079047619,25,5.111746724,5.158979638,Khor1997
0,0,0,0,0,0,0,0,11.32075472,0,0,0,0,0,0,0,88.67924528,1.319811321,0.434377358,3.886792453,0.750943396,0.858566038,1.572641509,2.082641509,25,5.115353139,5.152426131,Khor1997
0,0,0,0,0,0,0,0,12,0,0,0,0,0,0,0,88,1.3192,0.43488,3.88,0.7504,0.85968,1.574,2.084,20,5.118408995,5.15748623,Yashima1993
0,0,0,0,0,0,0,0,12,0,0,0,0,0,0,0,88,1.3192,0.43488,3.88,0.7504,0.85968,1.574,2.084,900,5.170487259,5.210440651,Yashima1993
0,0,0,0,0,0,0,0,4,0,0,0,0,0,0,0,96,1.3264,0.42896,3.96,0.7568,0.84656,1.558,2.068,25,5.093625823,5.175203652,Yashima1993
0,0,0,0,0,0,0,0,6,0,0,0,0,0,0,0,94,1.3246,0.43044,3.94,0.7552,0.84984,1.562,2.072,25,5.101219894,5.169872676,Yashima1993
0,0,0,0,0,0,0,0,8,0,0,0,0,0,0,0,92,1.3228,0.43192,3.92,0.7536,0.85312,1.566,2.076,25,5.106792595,5.166022446,Yashima1993
0,0,0,0,0,0,0,0,10,0,0,0,0,0,0,0,90,1.321,0.4334,3.9,0.752,0.8564,1.57,2.08,25,5.112769136,5.162036879,Yashima1993
0,0,0,0,0,0,0,0,12,0,0,0,0,0,0,0,88,1.3192,0.43488,3.88,0.7504,0.85968,1.574,2.084,25,5.11739882,5.157920318,Yashima1993
0,0,0,0,0,0,0,0,14,0,0,0,0,0,0,0,86,1.3174,0.43636,3.86,0.7488,0.86296,1.578,2.088,25,5.125664511,5.152993181,Yashima1993
0,0,100,0,0,0,0,0,0,0,0,0,0,0,0,0,0,1.3,0,4,0.775,0.83,1.55,2.08,1379.173297,5.129920636,5.266632622,Haggerty2011
0,0,100,0,0,0,0,0,0,0,0,0,0,0,0,0,0,1.3,0,4,0.775,0.83,1.55,2.08,1394.540585,5.130758206,5.267544953,Haggerty2011
0,0,100,0,0,0,0,0,0,0,0,0,0,0,0,0,0,1.3,0,4,0.775,0.83,1.55,2.08,1426.626131,5.132367904,5.270507858,Haggerty2011
0,0,100,0,0,0,0,0,0,0,0,0,0,0,0,0,0,1.3,0,4,0.775,0.83,1.55,2.08,1444.80794,5.134017418,5.271320446,Haggerty2011
0,0,100,0,0,0,0,0,0,0,0,0,0,0,0,0,0,1.3,0,4,0.775,0.83,1.55,2.08,1464.77228,5.135031387,5.274241052,Haggerty2011
0,0,100,0,0,0,0,0,0,0,0,0,0,0,0,0,0,1.3,0,4,0.775,0.83,1.55,2.08,1496.857826,5.13678218,5.276761253,Haggerty2011
0,0,100,0,0,0,0,0,0,0,0,0,0,0,0,0,0,1.3,0,4,0.775,0.83,1.55,2.08,1519.674214,5.137770711,5.279179075,Haggerty2011
0,0,100,0,0,0,0,0,0,0,0,0,0,0,0,0,0,1.3,0,4,0.775,0.83,1.55,2.08,1537.703235,5.138066768,5.27854345,Haggerty2011
0,0,100,0,0,0,0,0,0,0,0,0,0,0,0,0,0,1.3,0,4,0.775,0.83,1.55,2.08,1555.324821,5.138846939,5.278187717,Haggerty2011
0,0,100,0,0,0,0,0,0,0,0,0,0,0,0,0,0,1.3,0,4,0.775,0.83,1.55,2.08,1564.950485,5.139004039,5.277956581,Haggerty2011
0,0,100,0,0,0,0,0,0,0,0,0,0,0,0,0,0,1.3,0,4,0.775,0.83,1.55,2.08,1593.827476,5.1411583,5.281190681,Haggerty2011
0,0,100,0,0,0,0,0,0,0,0,0,0,0,0,0,0,1.3,0,4,0.775,0.83,1.55,2.08,1611.652779,5.142230916,5.282194679,Haggerty2011
0,0,100,0,0,0,0,0,0,0,0,0,0,0,0,0,0,1.3,0,4,0.775,0.83,1.55,2.08,1629.478083,5.143065173,5.28307408,Haggerty2011
0,0,100,0,0,0,0,0,0,0,0,0,0,0,0,0,0,1.3,0,4,0.775,0.83,1.55,2.08,1647.303386,5.14418835,5.284330882,Haggerty2011
0,0,100,0,0,0,0,0,0,0,0,0,0,0,0,0,0,1.3,0,4,0.775,0.83,1.55,2.08,1665.12869,5.145661843,5.286719891,Haggerty2011
0,0,100,0,0,0,0,0,0,0,0,0,0,0,0,0,0,1.3,0,4,0.775,0.83,1.55,2.08,1682.953993,5.147568716,5.290725047,Haggerty2011
0,0,100,0,0,0,0,0,0,0,0,0,0,0,0,0,0,1.3,0,4,0.775,0.83,1.55,2.08,1700.779296,5.148422837,5.291938512,Haggerty2011
0,0,100,0,0,0,0,0,0,0,0,0,0,0,0,0,0,1.3,0,4,0.775,0.83,1.55,2.08,1718.6046,5.149204727,5.293299326,Haggerty2011
0,0,100,0,0,0,0,0,0,0,0,0,0,0,0,0,0,1.3,0,4,0.775,0.83,1.55,2.08,1739.281951,5.149968088,5.294861944,Haggerty2011
0,0,100,0,0,0,0,0,0,0,0,0,0,0,0,0,0,1.3,0,4,0.775,0.83,1.55,2.08,1759.959303,5.15106465,5.296281343,Haggerty2011
0,0,100,0,0,0,0,0,0,0,0,0,0,0,0,0,0,1.3,0,4,0.775,0.83,1.55,2.08,1777.606354,5.152428669,5.297058042,Haggerty2011
0,0,100,0,0,0,0,0,0,0,0,0,0,0,0,0,0,1.3,0,4,0.775,0.83,1.55,2.08,1795.60991,5.153056394,5.298307396,Haggerty2011
0,0,100,0,0,0,0,0,0,0,0,0,0,0,0,0,0,1.3,0,4,0.775,0.83,1.55,2.08,1813.435213,5.15390943,5.299181018,Haggerty2011
0,0,100,0,0,0,0,0,0,0,0,0,0,0,0,0,0,1.3,0,4,0.775,0.83,1.55,2.08,1825.55642,5.154578642,5.300162303,Haggerty2011
0,0,0,0,0,0,0,0,0,0,0,0,0,0,0,0,100,1.33,0.426,4,0.76,0.84,1.55,2.06,889.3056396,5.129723826,5.250038496,Haggerty2011
0,0,0,0,0,0,0,0,0,0,0,0,0,0,0,0,100,1.33,0.426,4,0.76,0.84,1.55,2.06,919.0200323,5.131888776,5.252183147,Haggerty2011
0,0,0,0,0,0,0,0,0,0,0,0,0,0,0,0,100,1.33,0.426,4,0.76,0.84,1.55,2.06,947.3421124,5.133317912,5.254076476,Haggerty2011
0,0,0,0,0,0,0,0,0,0,0,0,0,0,0,0,100,1.33,0.426,4,0.76,0.84,1.55,2.06,974.1672552,5.134746512,5.256681216,Haggerty2011
0,0,0,0,0,0,0,0,0,0,0,0,0,0,0,0,100,1.33,0.426,4,0.76,0.84,1.55,2.06,1004.851011,5.136854948,5.259451716,Haggerty2011
0,0,0,0,0,0,0,0,0,0,0,0,0,0,0,0,100,1.33,0.426,4,0.76,0.84,1.55,2.06,1032.382103,5.138529436,5.261688327,Haggerty2011
0,0,0,0,0,0,0,0,0,0,0,0,0,0,0,0,100,1.33,0.426,4,0.76,0.84,1.55,2.06,1060.918647,5.139558212,5.264291059,Haggerty2011
0,0,0,0,0,0,0,0,0,0,0,0,0,0,0,0,100,1.33,0.426,4,0.76,0.84,1.55,2.06,1090.214498,5.141245611,5.266655385,Haggerty2011
0,0,0,0,0,0,0,0,0,0,0,0,0,0,0,0,100,1.33,0.426,4,0.76,0.84,1.55,2.06,1118.2531,5.142960822,5.268609993,Haggerty2011
0,0,0,0,0,0,0,0,0,0,0,0,0,0,0,0,100,1.33,0.426,4,0.76,0.84,1.55,2.06,1147.400632,5.144524791,5.270583022,Haggerty2011
0,0,0,0,0,0,0,0,0,0,0,0,0,0,0,0,100,1.33,0.426,4,0.76,0.84,1.55,2.06,1175.207383,5.146423483,5.273490688,Haggerty2011
0,0,0,0,0,0,0,0,0,0,0,0,0,0,0,0,100,1.33,0.426,4,0.76,0.84,1.55,2.06,1201.182528,5.147536823,5.274980626,Haggerty2011
0,0,0,0,0,0,0,0,0,0,0,0,0,0,0,0,100,1.33,0.426,4,0.76,0.84,1.55,2.06,1231.568884,5.149677503,5.277434168,Haggerty2011
0,0,0,0,0,0,0,0,0,0,0,0,0,0,0,0,100,1.33,0.426,4,0.76,0.84,1.55,2.06,1260.745731,5.151082349,5.279668518,Haggerty2011
0,0,0,0,0,0,0,0,0,0,0,0,0,0,0,0,100,1.33,0.426,4,0.76,0.84,1.55,2.06,1288.960989,5.152817302,5.281895896,Haggerty2011
0,0,0,0,0,0,0,0,0,0,0,0,0,0,0,0,100,1.33,0.426,4,0.76,0.84,1.55,2.06,1317.753561,5.15484239,5.284138289,Haggerty2011
0,0,0,0,0,0,0,0,0,0,0,0,0,0,0,0,100,1.33,0.426,4,0.76,0.84,1.55,2.06,1348.058207,5.156758786,5.286616765,Haggerty2011
0,0,0,0,0,0,0,0,0,0,0,0,0,0,0,0,100,1.33,0.426,4,0.76,0.84,1.55,2.06,1378.381325,5.158287647,5.288648085,Haggerty2011
0,0,0,0,0,0,0,0,0,0,0,0,0,0,0,0,100,1.33,0.426,4,0.76,0.84,1.55,2.06,1409.841663,5.160089619,5.291005445,Haggerty2011
0,0,0,0,0,0,0,0,0,0,0,0,0,0,0,0,100,1.33,0.426,4,0.76,0.84,1.55,2.06,1438.000195,5.161940021,5.293360203,Haggerty2011
0,0,0,0,0,0,0,0,0,0,0,0,0,0,0,0,100,1.33,0.426,4,0.76,0.84,1.55,2.06,1465.277424,5.163679752,5.29531467,Haggerty2011
0,0,0,0,0,0,0,0,0,0,0,0,0,0,0,0,100,1.33,0.426,4,0.76,0.84,1.55,2.06,1492.46393,5.165038714,5.297226189,Haggerty2011
0,0,0,0,0,0,0,0,0,0,0,0,0,0,0,0,100,1.33,0.426,4,0.76,0.84,1.55,2.06,1518.216157,5.166823174,5.299326073,Haggerty2011
0,0,0,0,0,0,0,0,0,0,0,0,0,0,0,0,100,1.33,0.426,4,0.76,0.84,1.55,2.06,1533.042804,5.167956373,5.300655171,Haggerty2011
0,0,0,0,0,0,6,0,0,0,0,0,0,0,0,0,94,1.3318,0.41172,3.94,0.7546,0.8418,1.553,2.0468,25,5.086219077,5.1608,Fujimori1998
0,0,0,0,0,0,8,0,0,0,0,0,0,0,0,0,92,1.3324,0.40696,3.92,0.7528,0.8424,1.554,2.0424,25,5.085794813,5.1474,Fujimori1998
0,0,0,0,0,0,10,0,0,0,0,0,0,0,0,0,90,1.333,0.4022,3.9,0.751,0.843,1.555,2.038,25,5.084946285,5.1394,Fujimori1998
0,0,0,0,0,0,12,0,0,0,0,0,0,0,0,0,88,1.3336,0.39744,3.88,0.7492,0.8436,1.556,2.0336,25,5.084946285,5.1331,Fujimori1998
0,0,0,0,0,0,14,0,0,0,0,0,0,0,0,0,86,1.3342,0.39268,3.86,0.7474,0.8442,1.557,2.0292,25,5.084522021,5.1273,Fujimori1998
0,0,0,0,0,0,16,0,0,0,0,0,0,0,0,0,84,1.3348,0.38792,3.84,0.7456,0.8448,1.558,2.0248,25,5.085087706,5.111,Fujimori1998
0,0,0,3.36,0,0,0,0,0,0,0,0,0,0,0,0,96.64,1.351168,0.4520064,4,0.796288,0.838992,1.54664,2.039504,1180,5.1449,5.2847,Gaillard-Allemand2002
0,0,0,6.78,0,0,0,0,0,0,0,0,0,0,0,0,93.22,1.372714,0.4784772,4,0.833224,0.837966,1.54322,2.018642,1180,5.144,5.2937,Gaillard-Allemand2002
0,0,0,10.77,0,0,0,0,0,0,0,0,0,0,0,0,89.23,1.397851,0.5093598,4,0.876316,0.836769,1.53923,1.994303,1180,5.1414,5.3042,Gaillard-Allemand2002
0,0,0,13.8,0,0,0,0,0,0,0,0,0,0,0,0,86.2,1.41694,0.532812,4,0.90904,0.83586,1.5362,1.97582,1180,5.1393,5.3103,Gaillard-Allemand2002
0,0,0,0,0,7.06,0,0,0,0,0,0,0,0,7.05,0,85.89,1.341269,0.4505221,3.9999,0.75717,0.8455874,1.5606,2.058596,600,5.12,5.237,Jiang2018
0,0,0,0,0,7.06,0,0,0,0,0,0,0,0,7.05,0,85.89,1.341269,0.4505221,3.9999,0.75717,0.8455874,1.5606,2.058596,700,5.126,5.249,Jiang2018
0,0,0,0,0,7.06,0,0,0,0,0,0,0,0,7.05,0,85.89,1.341269,0.4505221,3.9999,0.75717,0.8455874,1.5606,2.058596,800,5.132,5.257,Jiang2018
0,0,0,0,0,7.06,0,0,0,0,0,0,0,0,7.05,0,85.89,1.341269,0.4505221,3.9999,0.75717,0.8455874,1.5606,2.058596,900,5.138,5.265,Jiang2018
0,0,0,0,0,7.06,0,0,0,0,0,0,0,0,7.05,0,85.89,1.341269,0.4505221,3.9999,0.75717,0.8455874,1.5606,2.058596,1000,5.143,5.273,Jiang2018
0,0,0,0,0,7.06,0,0,0,0,0,0,0,0,7.05,0,85.89,1.341269,0.4505221,3.9999,0.75717,0.8455874,1.5606,2.058596,1100,5.148,5.278,Jiang2018
0,0.970873786,0,0,0,5.825242718,0,0,0,0,0,0,0,0,0,0,93.2038835,1.325631068,0.415699029,3.941747573,0.754466019,0.849456311,1.563106796,2.060582524,25,5.088666667,5.1655,Capel1999
0,4.854368932,0,0,0,5.825242718,0,0,0,0,0,0,0,0,0,0,89.32038835,1.333786408,0.402223301,3.941747573,0.755631068,0.845572816,1.557281553,2.048932039,25,5.081166667,5.175166667,Capel1999
0,9.708737864,0,0,0,5.825242718,0,0,0,0,0,0,0,0,0,0,84.46601942,1.343980583,0.385378641,3.941747573,0.757087379,0.840718447,1.55,2.034368932,25,5.067333333,5.182,Capel1999
0,0,0,0,0,3.921568627,0,0,0,0,0,0,0,0,0,0,96.07843137,1.325686275,0.421333333,3.960784314,0.756078431,0.847019608,1.559803922,2.062352941,25,5.10068,5.17672,Schubert1986
0,0,0,0,0,3.921568627,0,0,0,0,0,0,0,0,0,0,96.07843137,1.325686275,0.421333333,3.960784314,0.756078431,0.847019608,1.559803922,2.062352941,600,5.125,5.20836,Schubert1986
0,0,0,0,0,3.921568627,0,0,0,0,0,0,0,0,0,0,96.07843137,1.325686275,0.421333333,3.960784314,0.756078431,0.847019608,1.559803922,2.062352941,800,5.13638,5.22934,Schubert1986
0,0,0,0,0,5.825242718,0,0,0,0,0,0,0,0,0,0,94.17475728,1.323592233,0.419067961,3.941747573,0.754174757,0.850427184,1.564563107,2.063495146,25,5.10239,5.17454,Schubert1986
0,0,0,0,0,5.825242718,0,0,0,0,0,0,0,0,0,0,94.17475728,1.323592233,0.419067961,3.941747573,0.754174757,0.850427184,1.564563107,2.063495146,600,5.13008,5.20727,Schubert1986
0,0,0,0,0,5.825242718,0,0,0,0,0,0,0,0,0,0,94.17475728,1.323592233,0.419067961,3.941747573,0.754174757,0.850427184,1.564563107,2.063495146,800,5.14241,5.22139,Schubert1986
0,0,0,0,0,0,0,0,0,0,0,0,0,0,0,0,100,1.33,0.426,4,0.76,0.84,1.55,2.06,1199.313944,5.147632823,5.274798396,Krogstad2015
0,0,0,0,0,0,0,0,0,0,0,0,0,0,0,0,100,1.33,0.426,4,0.76,0.84,1.55,2.06,1245.05837,5.149932681,5.278027176,Krogstad2015
0,0,0,0,0,0,0,0,0,0,0,0,0,0,0,0,100,1.33,0.426,4,0.76,0.84,1.55,2.06,1290.802796,5.151942467,5.280738462,Krogstad2015
0,0,0,0,0,0,0,0,0,0,0,0,0,0,0,0,100,1.33,0.426,4,0.76,0.84,1.55,2.06,1336.547222,5.154573836,5.283863152,Krogstad2015
0,0,0,0,0,0,0,0,0,0,0,0,0,0,0,0,100,1.33,0.426,4,0.76,0.84,1.55,2.06,1382.291647,5.157101608,5.287240421,Krogstad2015
0,0,0,0,0,0,0,0,0,0,0,0,0,0,0,0,100,1.33,0.426,4,0.76,0.84,1.55,2.06,1428.036073,5.159318588,5.290078984,Krogstad2015
0,0,0,0,0,0,0,0,0,0,0,0,0,0,0,0,100,1.33,0.426,4,0.76,0.84,1.55,2.06,1473.780499,5.161825641,5.293228339,Krogstad2015
0,0,0,0,0,0,0,0,0,0,0,0,0,0,0,0,100,1.33,0.426,4,0.76,0.84,1.55,2.06,1519.524925,5.164063341,5.295865233,Krogstad2015
0,0,0,0,0,0,0,0,0,0,0,0,0,0,0,0,100,1.33,0.426,4,0.76,0.84,1.55,2.06,1565.269351,5.166570393,5.298580862,Krogstad2015
0,0,0,0,0,0,0,0,0,0,0,0,0,0,0,0,100,1.33,0.426,4,0.76,0.84,1.55,2.06,1611.013776,5.168973848,5.301619713,Krogstad2015
0,0,0,0,0,0,0,0,0,0,0,0,0,0,0,0,100,1.33,0.426,4,0.76,0.84,1.55,2.06,1656.758202,5.171066512,5.304108348,Krogstad2015
0,0,0,0,0,0,0,0,0,0,0,0,0,0,0,0,100,1.33,0.426,4,0.76,0.84,1.55,2.06,1700.743227,5.173257593,5.306085904,Krogstad2015
0,0,0,0,0,5.98,0,0,0,0,0,0,0,0,0,0,94.02,1.323422,0.4188838,3.9402,0.75402,0.8507042,1.56495,2.063588,21.21903989,5.103185477,5.1716441,Krogstad2015
0,0,0,0,0,5.98,0,0,0,0,0,0,0,0,0,0,94.02,1.323422,0.4188838,3.9402,0.75402,0.8507042,1.56495,2.063588,474.4407355,5.124841438,5.199974079,Krogstad2015
0,0,0,0,0,5.98,0,0,0,0,0,0,0,0,0,0,94.02,1.323422,0.4188838,3.9402,0.75402,0.8507042,1.56495,2.063588,703.1628645,5.137708211,5.214701656,Krogstad2015
0,0,0,0,0,5.98,0,0,0,0,0,0,0,0,0,0,94.02,1.323422,0.4188838,3.9402,0.75402,0.8507042,1.56495,2.063588,931.8849935,5.15036779,5.228304462,Krogstad2015
0,0,0,0,0,5.98,0,0,0,0,0,0,0,0,0,0,94.02,1.323422,0.4188838,3.9402,0.75402,0.8507042,1.56495,2.063588,1069.118271,5.159152833,5.237845272,Krogstad2015
0,0,0,0,0,5.98,0,0,0,0,0,0,0,0,0,0,94.02,1.323422,0.4188838,3.9402,0.75402,0.8507042,1.56495,2.063588,1160.607122,5.165037154,5.243407554,Krogstad2015
0,0,0,0,0,5.98,0,0,0,0,0,0,0,0,0,0,94.02,1.323422,0.4188838,3.9402,0.75402,0.8507042,1.56495,2.063588,1206.351548,5.168124351,5.246119236,Krogstad2015
0,0,0,0,0,5.98,0,0,0,0,0,0,0,0,0,0,94.02,1.323422,0.4188838,3.9402,0.75402,0.8507042,1.56495,2.063588,1252.095974,5.171356584,5.24854341,Krogstad2015
0,0,0,0,0,5.98,0,0,0,0,0,0,0,0,0,0,94.02,1.323422,0.4188838,3.9402,0.75402,0.8507042,1.56495,2.063588,1297.8404,5.174733853,5.251492477,Krogstad2015
0,0,0,0,0,5.98,0,0,0,0,0,0,0,0,0,0,94.02,1.323422,0.4188838,3.9402,0.75402,0.8507042,1.56495,2.063588,1389.329251,5.180991124,5.256568741,Krogstad2015
0,0,0,0,0,5.98,0,0,0,0,0,0,0,0,0,0,94.02,1.323422,0.4188838,3.9402,0.75402,0.8507042,1.56495,2.063588,1526.562529,5.188242929,5.26281358,Krogstad2015
0,0,0,0,0,5.98,0,0,0,0,0,0,0,0,0,0,94.02,1.323422,0.4188838,3.9402,0.75402,0.8507042,1.56495,2.063588,1663.795806,5.193526386,5.271583429,Krogstad2015
0,0,0,0,0,5.98,0,0,0,0,0,0,0,0,0,0,94.02,1.323422,0.4188838,3.9402,0.75402,0.8507042,1.56495,2.063588,1753.525257,5.19635459,5.275940843,Krogstad2015
0,0,0,0,0,13.79310345,0,0,0,0,0,0,0,0,0,13.79310345,72.4137931,1.338275862,0.395241379,4,0.755862069,0.850896552,1.570689655,2.06,25,5.109795642,5.238970022,Sheu1993
0,0,0,0,0,15.25423729,0,0,0,0,0,0,0,0,0,15.25423729,69.49152542,1.339152542,0.391983051,4,0.755423729,0.852050847,1.572881356,2.06,25,5.114705628,5.247099306,Sheu1993
0,0,0,0,0,16.66666667,0,0,0,0,0,0,0,0,0,16.66666667,66.66666667,1.34,0.388833333,4,0.755,0.853166667,1.575,2.06,25,5.114786664,5.251606879,Sheu1993
0,0,0,0,0,20,0,0,0,0,0,0,0,0,0,20,60,1.342,0.3814,4,0.754,0.8558,1.58,2.06,25,5.119816127,5.262272193,Sheu1993
0,0,0,0,0,0,0,0,0,0,0,0,0,0,0,0,100,1.33,0.426,4,0.76,0.84,1.55,2.06,1200,5.147384839,5.274547156,Sheu1993
0,0,0,0,0,1.960784314,0,0,0,0,0,0,0,0,0,1.960784314,96.07843137,1.331176471,0.421627451,4,0.759411765,0.84154902,1.552941176,2.06,1200,5.151087587,5.279055768,Sheu1993
0,0,0,0,0,3.846153846,0,0,0,0,0,0,0,0,0,3.846153846,92.30769231,1.332307692,0.417423077,4,0.758846154,0.843038462,1.555769231,2.06,1200,5.152777234,5.285977815,Sheu1993
0,0,0,0,0,5.660377358,0,0,0,0,0,0,0,0,0,5.660377358,88.67924528,1.333396226,0.413377358,4,0.758301887,0.844471698,1.558490566,2.06,1200,5.156481021,5.289277112,Sheu1993
0,0,0,0,0,7.407407407,0,0,0,0,0,0,0,0,0,7.407407407,85.18518519,1.334444444,0.409481481,4,0.757777778,0.845851852,1.561111111,2.06,1200,5.157402206,5.296638973,Sheu1993
0,0,0,0,0,11.50442478,0,0,0,0,0,0,0,0,0,11.50442478,76.99115044,1.336902655,0.400345133,4,0.756548673,0.849088496,1.567256637,2.06,1200,5.160783579,5.308469967,Sheu1993
0,0,0,0,0,16.66666667,0,0,0,0,0,0,0,0,0,16.66666667,66.66666667,1.34,0.388833333,4,0.755,0.853166667,1.575,2.06,1200,5.162270288,5.316396314,Sheu1993
0,0,0,0,0,20,0,0,0,0,0,0,0,0,0,20,60,1.342,0.3814,4,0.754,0.8558,1.58,2.06,1200,5.162069428,5.324646114,Sheu1993
0,0,0,0,0,8,0,0,0,0,0,0,0,0,8,0,84,1.3428,0.45384,4,0.7568,0.84632,1.562,2.0584,25,5.103,5.238,Song2011
0,0,0,0,0,6,0,0,0,0,2,0,0,0,8,0,84,1.3412,0.4577,4,0.75755,0.84812,1.563,2.0572,25,5.1067,5.236,Song2011
0,0,0,0,0,6,0,0,0,2,0,0,0,0,8,0,84,1.3418,0.4577,4,0.75745,0.84752,1.563,2.0636,25,5.106,5.237,Song2011
0,0,0,0,0,6,0,0,0,0,0,2,0,0,8,0,84,1.3424,0.4577,4,0.7574,0.847,1.562,2.0626,25,5.109,5.24,Song2011
